,"Cluster 3930Rv2043c, pncA, Nicotinamidase (EC 3.5.1.19)_10","Cluster 3289Rv2560, Rv2560, PROBABLE PROLINE AND GLYCINE RICH TRANSMEMBRANE PROTEIN_1","Cluster 521Rv1358, Rv1358, Cyclase homology domain / Predicted ATPase / Transcriptional regulator, LuxR family_5","Cluster 4054Rv3843c, Rv3843c, putative membrane protein_4","Cluster 3713Rv2715, Rv2715, Hydrolase, alpha/beta fold family_1","Cluster 5659Rv0475, hbhA, Iron-regulated heparin binding hemagglutinin HbhA (Adhesin)_2","Cluster 3151Rv1229c, mrp, Mrp protein homolog_2","Cluster 4477Rv1008, tatD, Putative deoxyribonuclease YcfH_2","Cluster 3074Rv1737c, narK2, Nitrate/nitrite transporter NarK_2","Cluster 6096Rv1031, kdpC, Potassium-transporting ATPase C chain (EC 3.6.3.12) (TC 3.A.3.7.1)_1","Cluster 1784Rv0861c, ercc3, DNA repair helicase_4","Cluster 1209Rv0005, gyrB, DNA gyrase subunit B (EC 5.99.1.3)_4","Cluster 2336Rv1617, pykA, Pyruvate kinase (EC 2.7.1.40)_3","Cluster 3935Rv3171c, hpx, Non-heme haloperoxidase Hpx_4","Cluster 4905Rv0091, mtn, 5'-methylthioadenosine nucleosidase (EC 3.2.2.16) @ S-adenosylhomocysteine nucleosidase (EC 3.2.2.9)_2","Cluster 4389Rv0427c, xthA, Exodeoxyribonuclease III (EC 3.1.11.2)_2","Cluster 3682Rv3419c, gcp, N(6)-L-threonylcarbamoyladenine synthase (EC 2.3.1.234)_1","Cluster 4606Rv0625c, Rv0625c, putative membrane protein_3","Cluster 1435Rv2930, fadD26, Long-chain fatty-acid-AMP ligase, Mycobacterial subgroup FadD26_3","Cluster 3348Rv2454c, Rv2454c, 2-oxoglutarate oxidoreductase, beta subunit (EC 1.2.7.3)_4","Cluster 643Rv1293, lysA, Arginyl-tRNA synthetase (EC 6.1.1.19)_2","Cluster 921Rv3664c, dppC, Dipeptide transport ATP-binding protein DppD (TC 3.A.1.5.2)_1","Cluster 896Rv1969, mce3D, MCE-family protein MceC_2","Cluster 4459Rv0470c, pcaA, Cyclopropane-fatty-acyl-phospholipid synthase 1, CmaA1 (EC 2.1.1.79)_1","Cluster 3188Rv3822, Rv3822, FIG01386146: Possible exported protein, Rv1184c_6","Cluster 5659Rv0475, hbhA, Iron-regulated heparin binding hemagglutinin HbhA (Adhesin)_3","Cluster 2019Rv3484, cpsA, Cell envelope-associated transcriptional attenuator LytR-CpsA-Psr, subfamily A1 (as in PMID19099556)_5","Cluster 8291Rv3770A, Rv3770A, PROBABLE REMNANT OF A TRANSPOSASE_2","Cluster 1645Rv1620c, cydC, Transport ATP-binding protein CydC_3","Cluster 2433Rv2089c, pepE, Probable dipeptidase PepE (EC 3.4.13.-)_7","Cluster 3010Rv2338c, moeW, Molybdopterin biosynthesis protein MoeW_2","Cluster 2019Rv3484, cpsA, Cell envelope-associated transcriptional attenuator LytR-CpsA-Psr, subfamily A1 (as in PMID19099556)_1","Cluster 7596Rv3760, Rv3760, putative membrane protein_1","Cluster 103Rv2946c, pks1, Polyketide synthase_18","Cluster 3652Rv2854, Rv2854, Lysophospholipase (EC 3.1.1.5)_5","Cluster 7596Rv3760, Rv3760, putative membrane protein_2","Cluster 3969Rv0377, Rv0377, Transcription regulator in CO-DH cluster_3","Cluster 2642Rv3899c, Rv3899c, Vegetative cell wall protein gp1 precursor_5","Cluster 8291Rv3770A, Rv3770A, PROBABLE REMNANT OF A TRANSPOSASE_1","Cluster 4855Rv1857, modA, Molybdenum ABC transporter, periplasmic molybdenum-binding protein ModA (TC 3.A.1.8.1)_3","Cluster 4423Rv2937, drrB, ATP-dependent efflux pump essential for phthiocerol dimycocerosates translocation, integral membrane protein DrrB-like_3","Cluster 3188Rv3822, Rv3822, FIG01386146: Possible exported protein, Rv1184c_1","Cluster 3728Rv0139, Rv0139, NAD(P)-dependent steroid dehydrogenase_3","Cluster 1029Rv3198c, uvrD2, ATP-dependent DNA helicase UvrD/PcrA, actinomycete paralog_6","Cluster 5910Rv1911c, lppC, Phosphatidylethanolamine-binding protein_5","Cluster 4273Rv2579, dhaA, Haloalkane dehalogenase (EC 3.8.1.5)_5","Cluster 3775Rv3469c, mhpE, 4-hydroxy-2-oxovalerate aldolase (EC 4.1.3.39)_2","Cluster 5651Rv1016c, lpqT, Lipoprotein LpqT_4","Cluster 3348Rv2454c, Rv2454c, 2-oxoglutarate oxidoreductase, beta subunit (EC 1.2.7.3)_2","Cluster 4401Rv1282c, oppC, Oligopeptide transport system permease protein OppC (TC 3.A.1.5.1)_2","Cluster 484Rv2124c, metH, 5-methyltetrahydrofolate--homocysteine methyltransferase (EC 2.1.1.13)_5","Cluster 7317Rv2656c, Rv2656c, Probable phiRv1 phage protein_1","Cluster 152Rv2931, ppsA, Phenolpthiocerol synthesis type-I polyketide synthase PpsA (EC 2.3.1.41)_1","Cluster 573Rv3239c, Rv3239c, EmrB/QacA family drug resistance transporter_1","Cluster 257Rv0425c, ctpH, Probable cation-transporting ATPase I (EC 3.6.3.-)_3","Cluster 7102Rv1064c, lpqV, Putative lipoprotein LpqV_3","Cluster 7305Rv3020c, esxS, ESAT-6-like protein EsxG_3","Cluster 5665Rv0956, purN, Phosphoribosylglycinamide formyltransferase (EC 2.1.2.2)_2","Cluster 7659Rv2007c, fdxA, 4Fe-4S ferredoxin, iron-sulfur binding_1","Cluster 5665Rv0956, purN, Phosphoribosylglycinamide formyltransferase (EC 2.1.2.2)_4"
"Cluster 3930Rv2043c, pncA, Nicotinamidase (EC 3.5.1.19)_10",1.0,0.0,0.0,0.2108681380326454,-0.16114765197026365,-0.1429604619009351,-0.10230880811217222,-0.06609717037184439,-0.05857534597358787,0.08214897109733453,0.16248086690353047,0.0,0.0,-0.18822664802344816,-0.10218852649247898,-0.09022507318830236,0.0,0.0,-0.131414985422071,0.12087551111559637,0.065558501471368,0.0,-0.05855736036617498,-0.17093764744562845,0.0,0.2540163599121471,-0.05262470843177503,0.12055513023447498,-0.08144848336080215,0.11033317653411417,0.0,0.15287329142476605,0.05612172422792499,0.08329249144698135,0.0,0.0,0.10103468754998014,0.0,-0.14530723167973603,-0.09431937783441921,-0.17644253855156242,0.0,0.07842761148060211,0.1403313720304138,0.0,0.1612514550427579,-0.14155042104282,-0.263249658373173,-0.25825193196556806,-0.18988252916541476,0.0,0.0,0.0,-0.14974311855174932,0.0,0.0,0.0,0.06001026322221923,0.09912045124654885,0.0
"Cluster 3289Rv2560, Rv2560, PROBABLE PROLINE AND GLYCINE RICH TRANSMEMBRANE PROTEIN_1",0.0,1.0,-0.178538972932141,0.10940561563131146,-0.14621964273879504,0.0803618409789422,0.0,0.14062335559941214,0.0,0.0,0.0,0.0,0.0,0.0,0.0,0.10597469303027916,0.0,0.0,0.0,0.0,0.0,0.13270991692022457,0.1241757296196451,0.0,-0.101179563775401,-0.08042478719152009,-0.09035427662284197,0.11189225414252005,0.0,0.0,0.0,0.08514902153882212,0.052846568835925326,0.08505732302675971,0.052059501492438785,-0.146017489223838,0.0,0.1481881942822907,-0.14971585349744823,0.0,0.0,0.0596177443190704,0.0,0.05002341988782363,0.0,-0.1213044679517933,0.0,0.051026271125969164,0.06677576842272061,-0.11148136203817524,0.0,0.0,0.1480439566647864,0.12070830538448858,0.05966019583522452,0.0,-0.08161857477893215,-0.12686215344192817,-0.1176590865922819,-0.19015101525438483
"Cluster 521Rv1358, Rv1358, Cyclase homology domain / Predicted ATPase / Transcriptional regulator, LuxR family_5",0.0,-0.178538972932141,1.0,-0.11722958486662527,0.1224570666607673,-0.08077784001025749,-0.10523795523477732,0.0,-0.1696339556189609,0.0,0.08593145269887614,-0.14693859177816973,-0.06196399310741002,0.0,-0.15591790243465645,-0.06626109956773517,-0.06675772593439547,0.06693951321629087,0.08155235652346424,-0.1061819381536118,0.0,-0.07233535568175528,-0.06745375379198802,0.0,0.0,0.0,-0.07838931327323809,0.0,0.0,0.0,0.10854812873293881,0.0,0.0,0.0,0.0,0.06920528148211702,0.0,-0.05105645101683898,0.0,0.0,-0.1245524290212443,-0.1020314750321638,0.055962424920464694,0.0,0.14109793112162344,0.076956481759723,-0.07125651905734863,-0.07688818895957313,0.0,-0.09376295615575642,0.0,0.0,0.0,-0.09326156286924847,0.0,0.0,0.0,0.0,0.0,0.0
"Cluster 4054Rv3843c, Rv3843c, putative membrane protein_4",0.2108681380326454,0.10940561563131146,-0.11722958486662527,1.0,0.0,-0.08393765071302774,0.0,0.0,-0.08701144549134145,0.09146705229478377,0.13079358968649907,0.0,-0.05682520274536341,-0.0812189990221348,0.0,-0.19172423226843432,0.0,0.0,-0.08493546039352193,0.0,-0.07185946314401424,0.0,0.0,-0.10563433011700851,-0.09483718262672439,0.0802343529710959,-0.18875374703583825,0.1641261913224347,-0.08592539401451955,0.0,0.0,0.0,0.18764105751720767,-0.06558610520172518,-0.14610182480811376,-0.05862605138844075,0.0,-0.10388941302117577,-0.1604727216946939,0.0,0.05985448420115053,0.05000099681791795,0.0,0.05356806045249029,-0.05605791084119726,0.20101528405513797,0.0,-0.051107023729044694,0.05132921677382995,-0.16722201311889082,0.0,0.05654672860188968,0.0,-0.11199403959115796,-0.05857126651835282,-0.07104269766342848,0.0,0.15015346299010474,-0.13809955134510524,0.0
"Cluster 3713Rv2715, Rv2715, Hydrolase, alpha/beta fold family_1",-0.16114765197026365,-0.14621964273879504,0.1224570666607673,0.0,1.0,-0.10405818856806423,0.0,0.0,0.0,0.0,0.0762761432619143,-0.07069385772220164,0.0,0.1433833123436033,-0.1176449122923964,0.0,0.06307235852743903,-0.122636726282432,0.0,0.07632854945152034,-0.2091855272722957,0.0935781957542179,-0.13319841361807813,-0.10945008188039734,0.0,-0.16450147397642736,0.0,0.07076472014218906,0.0,-0.13463432331941272,0.06766595789587941,0.0,-0.09644788172135446,-0.11832279729291947,0.0,-0.19110537668988642,0.08433975160615391,-0.053022214341130164,-0.1812932018336025,0.0,-0.1513861060940844,0.0,-0.15151345361120475,0.0,0.0,0.17189645928627428,-0.07130255825732287,0.0,0.0,0.0,0.0,0.0,-0.07040903460061791,-0.08218886528476795,-0.09389156546911896,-0.0771052004627599,0.0,0.0,-0.17193394362213432,0.0
"Cluster 5659Rv0475, hbhA, Iron-regulated heparin binding hemagglutinin HbhA (Adhesin)_2",-0.1429604619009351,0.0803618409789422,-0.08077784001025749,-0.08393765071302774,-0.10405818856806423,1.0,0.0788281281701242,0.05739985887528251,0.0,0.05245767811928166,-0.136306307897467,0.0,0.0,0.0,0.129564622151225,-0.1028624267234357,0.10902172591499015,0.0,-0.0699583022425552,-0.06264146846575307,-0.07059998227838558,0.0,0.07655165163303465,0.14207211525796404,0.0,-0.06895362566852394,0.0,-0.15157363593399276,0.0,-0.07967483755964376,0.0,-0.05043308561707659,-0.0636799442033572,-0.0578743734486491,-0.07122749476847308,0.05987149673790662,0.0,0.0,0.12721395607860225,0.12182764490907955,0.0,0.06065866018076029,0.0,0.0,0.0,0.0,0.08503332924049117,-0.06586649301987683,0.13877540033506655,0.09628929308333051,0.0,0.0,-0.0751036978750838,0.16254734540205232,0.0,0.05569283372375951,0.06350188267909113,0.05021959462751386,0.0,0.0
"Cluster 3151Rv1229c, mrp, Mrp protein homolog_2",-0.10230880811217222,0.0,-0.10523795523477732,0.0,0.0,0.0788281281701242,1.0,0.12318952186507927,0.05398442415434705,-0.0658713876522871,-0.08217578773648805,0.18081292611979796,0.0,0.18309603866336588,0.0,-0.06686843512615197,0.10382719072187908,-0.09810369463179174,-0.07930308845799176,0.0,-0.08103067870010892,0.10434072302186145,0.0,0.0,-0.08027208880195925,-0.07045269026202373,-0.10681262471493076,-0.054624331012195125,0.20336834153198236,0.055129299404270395,0.0,0.0,0.0,0.0,-0.1021913682998895,0.0,-0.11558523808697199,0.0,0.08745106408726945,-0.054299818741323676,0.0,0.0,-0.13779291172754585,-0.09299882007366789,0.0,0.0,0.0,0.06666078219008124,0.12565280436329024,0.06845000019984825,0.06789813283291261,0.0,-0.06956988053946657,0.08142255872295681,0.0,0.0,0.0,0.11194424223284975,-0.10297081483195768,0.0
"Cluster 4477Rv1008, tatD, Putative deoxyribonuclease YcfH_2",-0.06609717037184439,0.14062335559941214,0.0,0.0,0.0,0.05739985887528251,0.12318952186507927,1.0,0.13278379503993779,0.0,0.0,0.05687387111121468,-0.06796801580534938,-0.10219340230512358,-0.10197065246364893,0.08174538432781536,0.0,-0.09774073267596721,0.0,0.13061443858380298,-0.20778838815100892,0.07242669554011384,0.0,0.14750752734320716,0.0,-0.0884568077111835,0.0,0.0,0.0,0.0,0.15062200848917182,0.0,0.0,0.06225119127559325,-0.08721442662501555,-0.058642836376237906,0.0,0.06861454452126975,-0.09162845913096783,0.0,-0.13321321039865724,-0.13889443873727747,-0.08143495696454565,0.12350752236924208,0.0,-0.06473131968775091,-0.05864739706251659,0.052642304546432706,0.0,-0.06816229086976781,0.1569486290114617,-0.10304917326845288,0.0,-0.05131898594773151,0.08690696815302146,0.0,0.0,0.0,0.06502103691554717,0.058917658311826195
"Cluster 3074Rv1737c, narK2, Nitrate/nitrite transporter NarK_2",-0.05857534597358787,0.0,-0.1696339556189609,-0.08701144549134145,0.0,0.0,0.05398442415434705,0.13278379503993779,1.0,0.0,0.0,-0.06205395040571422,0.0,0.0,-0.08953315397034572,0.0,0.18306671772052882,-0.05384381323907258,0.0,0.0,-0.08693030331591026,0.06154678897139414,0.2788142411233915,0.0840069783213186,0.0,-0.12815939762004572,0.0,-0.1316406029494922,-0.0945150609887594,0.0,0.08229701359356063,0.07139385960531226,0.0,0.0,0.08980915700203725,-0.19565954894499515,0.0,0.0,0.0,0.06676034447681313,-0.08955003455702021,-0.11965813286100069,-0.10370245227163154,0.1361358886331929,-0.055825396262166864,-0.056069446463749985,-0.09712174966008993,0.0,0.0,0.06109204080313417,0.19869379502153459,-0.06502772728527416,0.12188677765371715,0.0,0.0,0.0,0.1110600426565991,-0.06727669353828412,0.12898958063100063,-0.12613800095462582
"Cluster 6096Rv1031, kdpC, Potassium-transporting ATPase C chain (EC 3.6.3.12) (TC 3.A.3.7.1)_1",0.08214897109733453,0.0,0.0,0.09146705229478377,0.0,0.05245767811928166,-0.0658713876522871,0.0,0.0,1.0,0.0,0.0,0.0,0.0,0.1393035085840002,0.0,0.0,0.0,0.0,0.0,0.10201980758235141,0.0,-0.12363257739770638,0.056422589581144794,0.0,-0.07355620153032155,0.0,0.0,0.0,0.0,0.07362514083003852,0.0,0.12942843033816354,-0.1066595117455996,0.0,-0.07351116173592376,0.0,-0.0657060107346046,0.0,0.06437260299115855,-0.05869460112150839,0.0,-0.12424497572747129,0.0,-0.08989252681019073,0.11319880959057425,0.0,0.09182370603428344,0.0,0.0,0.0,0.0,0.05757858020170183,-0.23359172272420528,0.057844552411540566,0.0,0.08721467470896867,0.0,0.16255827729429642,-0.08266939474640367
"Cluster 1784Rv0861c, ercc3, DNA repair helicase_4",0.16248086690353047,0.0,0.08593145269887614,0.13079358968649907,0.0762761432619143,-0.136306307897467,-0.08217578773648805,0.0,0.0,0.0,1.0,-0.07304059229605746,-0.07450220766712758,0.0,-0.13474816363523937,0.0,-0.06120585751531361,-0.060405917271067415,0.05913912598016871,0.10060368325005672,-0.08868037283647039,0.09821807402909637,-0.08081865097013408,-0.05418895702386548,-0.06628731030459907,0.10316268836092406,0.06035377882815707,0.09661362814510333,0.0,0.0,-0.08563153166228601,0.0,0.0,0.10303447910564305,-0.10279225819174843,-0.12543051143814954,0.20602493152245466,-0.10962897419126676,-0.1565288127068521,0.0,-0.11418164457210915,0.0,0.0,0.05364840146360393,-0.14034289663623542,0.18523243020355085,0.0,0.0,-0.10810692747406946,-0.16859362976443995,-0.07017039465276427,-0.06754107646139293,0.07992472494924335,-0.16737207903537868,-0.08107004754181144,-0.0753980112125033,0.0,-0.05397837096331418,-0.13015780787288822,-0.2043044776229985
"Cluster 1209Rv0005, gyrB, DNA gyrase subunit B (EC 5.99.1.3)_4",0.0,0.0,-0.14693859177816973,0.0,-0.07069385772220164,0.0,0.18081292611979796,0.05687387111121468,-0.06205395040571422,0.0,-0.07304059229605746,1.0,0.07487952022877127,-0.11631531488903787,0.0,0.05276796668600123,0.0,-0.08135798119698016,-0.11694214552604511,0.0,-0.0743571220344206,0.0,-0.07078992607508514,0.0,0.0,0.0,0.05346142922280343,-0.09313194112458982,0.16925182607368902,0.0,-0.1159936977868822,0.0,0.09841227669898182,0.16336662155648474,0.0,-0.0816139066881355,-0.20504827355936664,0.0,0.13986885791391007,-0.11331831256752353,-0.056194616296653926,0.0,-0.22982857788905806,-0.05680700050595263,0.0,-0.2205614281657536,0.0,0.0,0.0,0.0,0.0,-0.11766597337884115,-0.10731292075592153,0.0,0.0,0.0,0.0,0.0,-0.10498785733833116,0.0
"Cluster 2336Rv1617, pykA, Pyruvate kinase (EC 2.7.1.40)_3",0.0,0.0,-0.06196399310741002,-0.05682520274536341,0.0,0.0,0.0,-0.06796801580534938,0.0,0.0,-0.07450220766712758,0.07487952022877127,1.0,0.0,0.0,0.08519759461883425,0.06975237209825734,0.06070989499360058,0.0,0.0,-0.06622327896068954,0.0,0.0,0.0,-0.11813248461789637,-0.18102596704158602,0.0,0.0,0.0,0.07555672418228866,-0.11269788399711489,0.0,-0.09740177341042375,0.1629090819626999,0.09659294582751905,0.0,0.0,0.0,0.0,-0.2376298743405269,0.06137338280005305,-0.05928092760810762,0.06052577775469024,0.0,0.0,0.0,0.0,0.10144281676754924,0.1263868026924016,0.0882869605180641,0.0,0.0,0.0865636653461816,0.0,-0.11524890183792805,0.0,0.0,0.06333158227210119,-0.15028087021088157,0.08689079413540671
"Cluster 3935Rv3171c, hpx, Non-heme haloperoxidase Hpx_4",-0.18822664802344816,0.0,0.0,-0.0812189990221348,0.1433833123436033,0.0,0.18309603866336588,-0.10219340230512358,0.0,0.0,0.0,-0.11631531488903787,0.0,1.0,0.0,-0.058546311267991015,-0.07604510212050106,-0.06306053458581723,-0.128259757316346,0.0,0.07401122883298987,0.18226503512699682,0.0,0.0,-0.09793548051523089,-0.05816348880712718,0.05213005325128241,0.0834918752009311,-0.051183693255918754,0.0,0.0,0.0,-0.10751694259669621,0.0,-0.05318119475442337,-0.10523670170244727,0.0,0.055093684565673075,-0.08081430433968496,0.0,0.0,0.0,0.11290947660759612,-0.0833394923439235,0.06490230205212139,0.0,0.0,0.0,0.054902722599194306,0.0,0.0,0.0,0.08891152932302815,0.0,-0.09514758360124767,0.0,0.0,-0.060917685067693794,-0.05805615868885464,0.0
"Cluster 4905Rv0091, mtn, 5'-methylthioadenosine nucleosidase (EC 3.2.2.16) @ S-adenosylhomocysteine nucleosidase (EC 3.2.2.9)_2",-0.10218852649247898,0.0,-0.15591790243465645,0.0,-0.1176449122923964,0.129564622151225,0.0,-0.10197065246364893,-0.08953315397034572,0.1393035085840002,-0.13474816363523937,0.0,0.0,0.0,1.0,0.0,0.0,0.0,-0.06584688389058327,-0.07751753772249514,0.0,-0.09084720077523747,0.0,0.0,0.0,-0.05389985099742646,0.0,-0.11104309233314417,0.0,0.07733370338853401,0.0,-0.09010180048260077,0.0,0.0,0.0,0.0,0.0,0.0,0.11082231819990593,0.06508424316844592,0.07810085987787822,0.0,0.05472080575072487,0.0,0.0,0.0,0.0,0.07579369923790763,-0.06546613158277129,0.25288418847967725,0.06981486630939389,0.0,0.05544386101111833,0.05260413440953198,0.0,-0.07795619521971706,-0.06844554716508315,-0.06976953337037212,0.0,0.0
"Cluster 4389Rv0427c, xthA, Exodeoxyribonuclease III (EC 3.1.11.2)_2",-0.09022507318830236,0.10597469303027916,-0.06626109956773517,-0.19172423226843432,0.0,-0.1028624267234357,-0.06686843512615197,0.08174538432781536,0.0,0.0,0.0,0.05276796668600123,0.08519759461883425,-0.058546311267991015,0.0,1.0,-0.10323489190286865,0.0,0.0,0.0,-0.06114173674318776,0.0,0.0,0.0,-0.07234876787775651,0.0,0.11537778483925767,0.0,0.13754800684380378,-0.12074985466312206,0.0,-0.12231283450498939,0.0,0.0,0.0,0.0,0.06334380915780538,0.13419808210695608,0.0,0.0,0.0,0.0,-0.08535923221199261,0.0838882479538066,-0.13672081431627175,-0.06334739879842645,0.0,0.0,0.11198080950918478,0.0,-0.06924536810010819,0.0,0.10968399566155017,0.0,0.0,-0.1369951436629922,-0.13795488349345872,0.09874708075674397,0.10978056390061318,0.0
"Cluster 3682Rv3419c, gcp, N(6)-L-threonylcarbamoyladenine synthase (EC 2.3.1.234)_1",0.0,0.0,-0.06675772593439547,0.0,0.06307235852743903,0.10902172591499015,0.10382719072187908,0.0,0.18306671772052882,0.0,-0.06120585751531361,0.0,0.06975237209825734,-0.07604510212050106,0.0,-0.10323489190286865,1.0,-0.11379132115306619,0.0,0.0,-0.13869285527867134,0.0,0.0,0.0,0.08526816374716924,0.0,0.0,-0.17676102432939753,0.16837628686219744,0.051275031667593576,-0.09188721199323288,0.0,0.0,0.0,0.0,-0.06083733729617869,-0.07704772066503446,0.0,0.17551558758106336,-0.07504761962021149,0.07666534894358355,0.0,-0.16945785413254866,-0.0678444644868294,-0.055809882024819964,-0.13084582230253886,0.0,-0.08847798910380897,-0.06410903187331143,0.08089770595033592,0.2412424416973773,-0.05651139278582115,0.061803025655807434,0.0,0.0,-0.09141960819348308,0.0,-0.12193076525740043,-0.11408374607020304,-0.19325473830023196
"Cluster 4606Rv0625c, Rv0625c, putative membrane protein_3",0.0,0.0,0.06693951321629087,0.0,-0.122636726282432,0.0,-0.09810369463179174,-0.09774073267596721,-0.05384381323907258,0.0,-0.060405917271067415,-0.08135798119698016,0.06070989499360058,-0.06306053458581723,0.0,0.0,-0.11379132115306619,1.0,0.0,-0.14424026675848445,-0.05948641714119928,0.15871407905355536,0.21720315407201574,0.0,0.11774493464132861,-0.10887109160202499,0.0,-0.11977369502269013,-0.0855488728248859,0.08086889129660067,0.0,0.0,-0.08417921713506411,0.0,0.0,0.08724082077950772,0.0,-0.1237628559707039,0.08835030135796416,0.0,0.10343693499062298,-0.0555134621228843,0.09399335180334685,0.0,0.0,0.0,-0.056696457213634796,0.05165982275134377,0.08431324423192196,-0.050743128400155706,-0.07512388051864127,-0.05711659423949239,0.0,0.0,0.07430603899527352,0.13088784878280166,0.09475771424903195,0.058648176351643974,0.10691341286228864,0.07582348699833978
"Cluster 1435Rv2930, fadD26, Long-chain fatty-acid-AMP ligase, Mycobacterial subgroup FadD26_3",-0.131414985422071,0.0,0.08155235652346424,-0.08493546039352193,0.0,-0.0699583022425552,-0.07930308845799176,0.0,0.0,0.0,0.05913912598016871,-0.11694214552604511,0.0,-0.128259757316346,-0.06584688389058327,0.0,0.0,0.0,1.0,-0.05756999683441079,-0.05953242887994134,-0.12900234624048262,0.0,0.0,-0.13819938874335252,0.0,0.0,0.0,0.0,0.0,0.0,0.0,0.11831576278731634,-0.19898483439907652,0.0,0.16558291872076278,0.0,0.0,-0.10235743392346995,0.08302525463084665,0.136847911473105,0.0,0.0,-0.0918410292278763,0.0,0.0,0.08670009832698806,0.0,0.0748726919531588,0.06413624572076056,0.0,0.11841927384989209,0.0,0.0,0.0,0.11660399021799592,0.0,-0.09327825993700548,-0.058230756618648474,0.0
"Cluster 3348Rv2454c, Rv2454c, 2-oxoglutarate oxidoreductase, beta subunit (EC 1.2.7.3)_4",0.12087551111559637,0.0,-0.1061819381536118,0.0,0.07632854945152034,-0.06264146846575307,0.0,0.13061443858380298,0.0,0.0,0.10060368325005672,0.0,0.0,0.0,-0.07751753772249514,0.0,0.0,-0.14424026675848445,-0.05756999683441079,1.0,-0.13571194608394882,-0.09402297081156184,-0.05771634689005527,0.0647578830868712,0.0,0.15374033178987417,0.14121242727402525,0.0,-0.05660754796707351,0.05113802479125189,0.0,0.0,0.0,0.12236385977409396,-0.17512834207906308,0.0,-0.051118895572106776,0.0,-0.0767130334828734,0.0,-0.08492105156609138,-0.19173184714483996,0.0,0.0,-0.16354187133673168,0.0,0.0,0.0,-0.35823939255139986,0.06776043732912139,0.05133588909282678,0.1691861763070092,0.08699306651550352,0.1157935594836458,0.0,0.0,0.10005627050367535,-0.1477857852998504,0.0,-0.15050190849250358
"Cluster 643Rv1293, lysA, Arginyl-tRNA synthetase (EC 6.1.1.19)_2",0.065558501471368,0.0,0.0,-0.07185946314401424,-0.2091855272722957,-0.07059998227838558,-0.08103067870010892,-0.20778838815100892,-0.08693030331591026,0.10201980758235141,-0.08868037283647039,-0.0743571220344206,-0.06622327896068954,0.07401122883298987,0.0,-0.06114173674318776,-0.13869285527867134,-0.05948641714119928,-0.05953242887994134,-0.13571194608394882,1.0,0.0,-0.07355603619085081,0.0,-0.08716825287446339,0.16868356414179073,0.0,0.17641173293581303,-0.09463741339228546,0.0,0.0,-0.057258749050413664,-0.12107537945717818,-0.06912575560528789,0.0,0.18388291895527623,0.14472921434272545,0.0,0.0,-0.07847974570136276,0.0,0.0,0.1622470754900803,0.0,0.10231390167300194,0.0,0.0,0.07192759301346907,0.0,0.07672497534081502,-0.1508068662389716,0.0,-0.14265460581927392,0.0,-0.16571093870167516,0.0,-0.06420348436078951,0.0,0.11906353934644412,0.0
"Cluster 921Rv3664c, dppC, Dipeptide transport ATP-binding protein DppD (TC 3.A.1.5.2)_1",0.0,0.13270991692022457,-0.07233535568175528,0.0,0.0935781957542179,0.0,0.10434072302186145,0.07242669554011384,0.06154678897139414,0.0,0.09821807402909637,0.0,0.0,0.18226503512699682,-0.09084720077523747,0.0,0.0,0.15871407905355536,-0.12900234624048262,-0.09402297081156184,0.0,1.0,0.08830606212578285,0.0,0.10876679711687458,0.0,0.0667776628168618,-0.055340425612182206,-0.05300105051287853,-0.06776677147918389,0.0,0.0,-0.2061396687678101,0.07614987688088778,0.12476352993450932,-0.20937738930435607,0.052896347175328824,0.0719408267193548,0.08251903142718259,0.0,-0.08354390174431588,0.0,0.0,-0.053941949748870545,0.0,0.0,0.0,0.0,0.16642395091746462,0.0,0.05198216966410203,0.0,0.0,-0.05613095964772336,0.0,-0.11291503564389795,0.0,0.0,0.0,-0.061373425082867486
"Cluster 896Rv1969, mce3D, MCE-family protein MceC_2",-0.05855736036617498,0.1241757296196451,-0.06745375379198802,0.0,-0.13319841361807813,0.07655165163303465,0.0,0.0,0.2788142411233915,-0.12363257739770638,-0.08081865097013408,-0.07078992607508514,0.0,0.0,0.0,0.0,0.0,0.21720315407201574,0.0,-0.05771634689005527,-0.07355603619085081,0.08830606212578285,1.0,0.0,0.0,-0.07906195386465129,0.0,0.0,0.0,0.0,-0.060518861687777516,0.0,0.08057254128894606,-0.05825528477567639,0.0850208401793889,-0.13043246887232757,-0.064907773837363,0.0,-0.09109185599045531,-0.11371833987821522,-0.14860601384739192,-0.09405948359128928,0.0,0.0996729927052877,0.0,0.0,0.0,0.0,-0.06429059349429866,0.07290061080976758,0.07949375584980163,0.0,0.06158818726915694,0.10103382294856432,0.0,0.06895014213800073,0.0,0.0,0.0,-0.06731096260720984
"Cluster 4459Rv0470c, pcaA, Cyclopropane-fatty-acyl-phospholipid synthase 1, CmaA1 (EC 2.1.1.79)_1",-0.17093764744562845,0.0,0.0,-0.10563433011700851,-0.10945008188039734,0.14207211525796404,0.0,0.14750752734320716,0.0840069783213186,0.056422589581144794,-0.05418895702386548,0.0,0.0,0.0,0.0,0.0,0.0,0.0,0.0,0.0647578830868712,0.0,0.0,0.0,1.0,0.0,-0.09859450219722568,0.12044371696530089,-0.2510060187175128,0.1038744466807682,-0.06685477633813357,0.13499822982003737,0.0,0.11567258710749777,0.0,-0.10868946627321899,0.06029041456052915,0.0,0.0,0.19360568779528933,0.0,0.06201590326852915,-0.0892854195360137,0.0,-0.113283590088064,-0.06560442561044519,-0.10757308042009438,0.0,0.11174414407778577,0.08578363280065004,0.169811206543359,0.0,0.0,-0.09627516774313856,0.060076895192948794,-0.06560800064947207,0.0,0.0,-0.07910460406971295,0.0,0.0
"Cluster 3188Rv3822, Rv3822, FIG01386146: Possible exported protein, Rv1184c_6",0.0,-0.101179563775401,0.0,-0.09483718262672439,0.0,0.0,-0.08027208880195925,0.0,0.0,0.0,-0.06628731030459907,0.0,-0.11813248461789637,-0.09793548051523089,0.0,-0.07234876787775651,0.08526816374716924,0.11774493464132861,-0.13819938874335252,0.0,-0.08716825287446339,0.10876679711687458,0.0,0.0,1.0,0.0,0.0,-0.06454848438069562,-0.1502681635047404,-0.10284596041324001,0.0,-0.09259021275902977,0.0,0.13956747479212936,0.13251518418656386,0.0,0.0,0.1202671314613824,0.08337196210160976,0.0,0.0,-0.07868701810895812,0.0,0.0,0.0,-0.08027601577658755,0.07785266494737705,0.0,0.0,0.0830635884899302,0.0,0.0,0.0,0.08244258562884048,0.07692686794108053,0.0,0.0,-0.05178440735364105,0.10709548428575184,0.0
"Cluster 5659Rv0475, hbhA, Iron-regulated heparin binding hemagglutinin HbhA (Adhesin)_3",0.2540163599121471,-0.08042478719152009,0.0,0.0802343529710959,-0.16450147397642736,-0.06895362566852394,-0.07045269026202373,-0.0884568077111835,-0.12815939762004572,-0.07355620153032155,0.10316268836092406,0.0,-0.18102596704158602,-0.05816348880712718,-0.05389985099742646,0.0,0.0,-0.10887109160202499,0.0,0.15374033178987417,0.16868356414179073,0.0,-0.07906195386465129,-0.09859450219722568,0.0,1.0,0.0,0.0,-0.11320667497260456,-0.11657069443633417,-0.14835242836352136,-0.14604524442105032,0.11132965585897303,0.15366268203161032,0.0,0.0,0.08180422062962302,0.0,0.054365747745607915,0.1370160648557942,-0.07030099910799831,0.09335706634364528,0.13794939761284974,0.0,0.05723724733038101,0.0,0.0,-0.20440871339693464,-0.13941443373978685,-0.05659180283839003,-0.06507916380495624,0.06587772494572247,0.0,-0.08528531114732242,-0.06549766377976926,0.0,0.0,-0.07934741693773212,0.0,-0.05680122329579488
"Cluster 2019Rv3484, cpsA, Cell envelope-associated transcriptional attenuator LytR-CpsA-Psr, subfamily A1 (as in PMID19099556)_5",-0.05262470843177503,-0.09035427662284197,-0.07838931327323809,-0.18875374703583825,0.0,0.0,-0.10681262471493076,0.0,0.0,0.0,0.06035377882815707,0.05346142922280343,0.0,0.05213005325128241,0.0,0.11537778483925767,0.0,0.0,0.0,0.14121242727402525,0.0,0.0667776628168618,0.0,0.12044371696530089,0.0,0.0,1.0,-0.0821664595944732,0.0,0.0,0.0,-0.0951062291274473,0.0,0.0,0.0,-0.16879366355751435,0.1400736304558238,0.0,0.13403155330910757,0.0,-0.08542639922783077,0.0,0.08111846029044409,-0.07795466293506664,0.0,0.06719406672619135,-0.06455640309471322,-0.14340555452202203,0.0,0.0,-0.09505406214089868,0.0,0.0,0.0,0.0,-0.07552288581753432,0.05758099570020821,0.0,0.0,-0.1509881793955467
"Cluster 8291Rv3770A, Rv3770A, PROBABLE REMNANT OF A TRANSPOSASE_2",0.12055513023447498,0.11189225414252005,0.0,0.1641261913224347,0.07076472014218906,-0.15157363593399276,-0.054624331012195125,0.0,-0.1316406029494922,0.0,0.09661362814510333,-0.09313194112458982,0.0,0.0834918752009311,-0.11104309233314417,0.0,-0.17676102432939753,-0.11977369502269013,0.0,0.0,0.17641173293581303,-0.055340425612182206,0.0,-0.2510060187175128,-0.06454848438069562,0.0,-0.0821664595944732,1.0,-0.10719765130017372,0.0,0.07667411814508181,0.0,0.0,0.0,-0.10333153285905416,0.0,0.16120685530683612,0.0,-0.716692937483906,0.0,0.055993616234602604,0.0,0.13295576858225888,0.10692160839931543,-0.07763244246045307,0.08946797619290169,-0.054028681195875096,0.0,0.0,0.0,-0.08077147262891364,0.0,0.0,0.0,0.0,0.0,0.0,0.0,0.0,0.0
"Cluster 1645Rv1620c, cydC, Transport ATP-binding protein CydC_3",-0.08144848336080215,0.0,0.0,-0.08592539401451955,0.0,0.0,0.20336834153198236,0.0,-0.0945150609887594,0.0,0.0,0.16925182607368902,0.0,-0.051183693255918754,0.0,0.13754800684380378,0.16837628686219744,-0.0855488728248859,0.0,-0.05660754796707351,-0.09463741339228546,-0.05300105051287853,0.0,0.1038744466807682,-0.1502681635047404,-0.11320667497260456,0.0,-0.10719765130017372,1.0,0.0,0.0,0.0,0.1080364510366121,0.0,-0.2095161813294435,0.0,0.0,-0.06286106884469361,0.09671282331328805,-0.12697370372647745,-0.2108793997860694,0.09909922637990136,-0.2520828900627078,0.0,0.0,-0.06615594185914908,-0.09535251337405573,0.0,0.0,0.0,0.0,-0.05450498212998809,0.05784019904462558,0.0,0.0,0.0,-0.11722456518324201,0.08242813682512257,0.0,0.0
"Cluster 2433Rv2089c, pepE, Probable dipeptidase PepE (EC 3.4.13.-)_7",0.11033317653411417,0.0,0.0,0.0,-0.13463432331941272,-0.07967483755964376,0.055129299404270395,0.0,0.0,0.0,0.0,0.0,0.07555672418228866,0.0,0.07733370338853401,-0.12074985466312206,0.051275031667593576,0.08086889129660067,0.0,0.05113802479125189,0.0,-0.06776677147918389,0.0,-0.06685477633813357,-0.10284596041324001,-0.11657069443633417,0.0,0.0,0.0,1.0,0.06451374650483703,0.14463376080383902,0.0,0.0,0.0,0.1455036449793379,-0.0691935932665553,0.0,0.0,0.0,0.05786841536909954,0.0,0.0,0.08713823766200733,0.0,-0.0514942321100382,-0.050798219128014806,-0.06206621166718804,0.0,0.0,0.07812330538817151,0.0,0.0,0.06420172060485109,0.0,0.0,0.0,0.0,0.13269006098675648,0.0
"Cluster 3010Rv2338c, moeW, Molybdopterin biosynthesis protein MoeW_2",0.0,0.0,0.10854812873293881,0.0,0.06766595789587941,0.0,0.0,0.15062200848917182,0.08229701359356063,0.07362514083003852,-0.08563153166228601,-0.1159936977868822,-0.11269788399711489,0.0,0.0,0.0,-0.09188721199323288,0.0,0.0,0.0,0.0,0.0,-0.060518861687777516,0.13499822982003737,0.0,-0.14835242836352136,0.0,0.07667411814508181,0.0,0.06451374650483703,1.0,0.0,0.0,-0.12005364827431424,0.0,0.05192044335728962,0.0,-0.06932386031782778,-0.10590191986254183,0.11910372431953979,0.1415078926804576,-0.16298597236004733,0.0,0.17271622253489785,-0.11710266581896861,0.0,0.05602900165018542,0.0,0.0,0.0,0.06921848899188326,0.06469294263805753,0.0,0.0,0.0,-0.06556635342041245,0.0,0.0,0.0,0.05985085181597576
"Cluster 2019Rv3484, cpsA, Cell envelope-associated transcriptional attenuator LytR-CpsA-Psr, subfamily A1 (as in PMID19099556)_1",0.15287329142476605,0.08514902153882212,0.0,0.0,0.0,-0.05043308561707659,0.0,0.0,0.07139385960531226,0.0,0.0,0.0,0.0,0.0,-0.09010180048260077,-0.12231283450498939,0.0,0.0,0.0,0.0,-0.057258749050413664,0.0,0.0,0.0,-0.09259021275902977,-0.14604524442105032,-0.0951062291274473,0.0,0.0,0.14463376080383902,0.0,1.0,0.0,0.0,-0.08874382113858353,0.0,0.0,0.09405346029968677,0.0,0.0,-0.06882673996165269,0.0,-0.13040763454637583,0.0,0.0,-0.1291872059114744,0.0,0.0,0.0,-0.18772990497117667,0.0,-0.12912421732316218,0.0,-0.07784910575020279,0.0,0.09257081442849414,0.0,0.0,0.08550660197780605,0.08670566296059748
"Cluster 7596Rv3760, Rv3760, putative membrane protein_1",0.05612172422792499,0.052846568835925326,0.0,0.18764105751720767,-0.09644788172135446,-0.0636799442033572,0.0,0.0,0.0,0.12942843033816354,0.0,0.09841227669898182,-0.09740177341042375,-0.10751694259669621,0.0,0.0,0.0,-0.08417921713506411,0.11831576278731634,0.0,-0.12107537945717818,-0.2061396687678101,0.08057254128894606,0.11567258710749777,0.0,0.11132965585897303,0.0,0.0,0.1080364510366121,0.0,0.0,0.0,1.0,0.0,-0.1099578939836105,0.06402653165331088,-0.22809597468603926,-0.09908903028967338,-0.07248461429138613,0.0,0.0,-0.06849237292406571,-0.15815423901906958,0.0,0.08477182620466132,0.0,-0.0839583681890166,0.0,0.0,-0.07541705406895927,0.0,0.053503871199641055,0.15609417640493964,0.0,0.0,0.0,-0.056741833651223955,0.06295166228738769,0.0,0.0
"Cluster 103Rv2946c, pks1, Polyketide synthase_18",0.08329249144698135,0.08505732302675971,0.0,-0.06558610520172518,-0.11832279729291947,-0.0578743734486491,0.0,0.06225119127559325,0.0,-0.1066595117455996,0.10303447910564305,0.16336662155648474,0.1629090819626999,0.0,0.0,0.0,0.0,0.0,-0.19898483439907652,0.12236385977409396,-0.06912575560528789,0.07614987688088778,-0.05825528477567639,0.0,0.13956747479212936,0.15366268203161032,0.0,0.0,0.0,0.0,-0.12005364827431424,0.0,0.0,1.0,-0.15127921444996847,0.0,-0.05229774819785355,0.06403701596255063,0.0,-0.0631470984276403,-0.06675886225073371,0.0,0.05361054728242149,0.0,0.0,-0.05234618958710033,0.0,0.0,0.0,0.0,-0.0565474953163035,-0.141526286411266,0.0,0.11399998835384323,-0.08503684122183593,0.07881141691069471,0.0565195453649097,-0.1017414457039556,0.0,0.0
"Cluster 3652Rv2854, Rv2854, Lysophospholipase (EC 3.1.1.5)_5",0.0,0.052059501492438785,0.0,-0.14610182480811376,0.0,-0.07122749476847308,-0.1021913682998895,-0.08721442662501555,0.08980915700203725,0.0,-0.10279225819174843,0.0,0.09659294582751905,-0.05318119475442337,0.0,0.0,0.0,0.0,0.0,-0.17512834207906308,0.0,0.12476352993450932,0.0850208401793889,-0.10868946627321899,0.13251518418656386,0.0,0.0,-0.10333153285905416,-0.2095161813294435,0.0,0.0,-0.08874382113858353,-0.1099578939836105,-0.15127921444996847,1.0,0.0,-0.116085212483172,0.11832153285702508,0.0,-0.06014467493112727,0.0,0.0,0.08615212140963807,0.0,0.0,0.0,0.0,0.0,0.0,0.0,0.0,0.14944796477163846,0.0,0.05814714580114568,-0.05330189185769128,0.0,0.0,0.0,0.0,0.0
"Cluster 7596Rv3760, Rv3760, putative membrane protein_2",0.0,-0.146017489223838,0.06920528148211702,-0.05862605138844075,-0.19110537668988642,0.05987149673790662,0.0,-0.058642836376237906,-0.19565954894499515,-0.07351116173592376,-0.12543051143814954,-0.0816139066881355,0.0,-0.10523670170244727,0.0,0.0,-0.06083733729617869,0.08724082077950772,0.16558291872076278,0.0,0.18388291895527623,-0.20937738930435607,-0.13043246887232757,0.06029041456052915,0.0,0.0,-0.16879366355751435,0.0,0.0,0.1455036449793379,0.05192044335728962,0.0,0.06402653165331088,0.0,0.0,1.0,-0.0994704233888726,0.09705951993523985,0.0,-0.09366877132438366,0.12930341992354855,0.0,0.11342167413238066,-0.11456466494849321,0.0,0.0,0.0,0.0,0.1640895527041297,0.09535591774679975,-0.21809693453909906,0.11494513928530484,0.0,0.0,0.0,0.0,0.0,0.056360338310624654,0.15736915125646136,0.2031755668063903
"Cluster 3969Rv0377, Rv0377, Transcription regulator in CO-DH cluster_3",0.10103468754998014,0.0,0.0,0.0,0.08433975160615391,0.0,-0.11558523808697199,0.0,0.0,0.0,0.20602493152245466,-0.20504827355936664,0.0,0.0,0.0,0.06334380915780538,-0.07704772066503446,0.0,0.0,-0.051118895572106776,0.14472921434272545,0.052896347175328824,-0.064907773837363,0.0,0.0,0.08180422062962302,0.1400736304558238,0.16120685530683612,0.0,-0.0691935932665553,0.0,0.0,-0.22809597468603926,-0.05229774819785355,-0.116085212483172,-0.0994704233888726,1.0,0.10621491102538821,-0.184747015022232,-0.05493399794905029,-0.07904806411335258,0.0,0.0,0.0,-0.0650697983193044,0.1575916165715318,0.0,0.0715103156417672,0.0,0.0,0.0,0.0,0.052319547601697235,0.0,-0.06084550522047099,-0.06121771344100805,-0.10624184893531705,0.0,0.0,0.0
"Cluster 2642Rv3899c, Rv3899c, Vegetative cell wall protein gp1 precursor_5",0.0,0.1481881942822907,-0.05105645101683898,-0.10388941302117577,-0.053022214341130164,0.0,0.0,0.06861454452126975,0.0,-0.0657060107346046,-0.10962897419126676,0.0,0.0,0.055093684565673075,0.0,0.13419808210695608,0.0,-0.1237628559707039,0.0,0.0,0.0,0.0719408267193548,0.0,0.0,0.1202671314613824,0.0,0.0,0.0,-0.06286106884469361,0.0,-0.06932386031782778,0.09405346029968677,-0.09908903028967338,0.06403701596255063,0.11832153285702508,0.09705951993523985,0.10621491102538821,1.0,0.0,0.19275405112076566,0.08115482499056183,0.0,0.06728251168623176,0.05707867789808746,0.0,-0.06737364280461944,0.06922021381415311,0.0,0.0612395383867957,0.06344206730478051,0.0,-0.07729474502240258,0.07260515581536177,0.09728942121574542,0.06396384167154015,-0.1336501467953933,0.0,0.0,0.16803909239119,0.14410114398304494
"Cluster 8291Rv3770A, Rv3770A, PROBABLE REMNANT OF A TRANSPOSASE_1",-0.14530723167973603,-0.14971585349744823,0.0,-0.1604727216946939,-0.1812932018336025,0.12721395607860225,0.08745106408726945,-0.09162845913096783,0.0,0.0,-0.1565288127068521,0.13986885791391007,0.0,-0.08081430433968496,0.11082231819990593,0.0,0.17551558758106336,0.08835030135796416,-0.10235743392346995,-0.0767130334828734,0.0,0.08251903142718259,-0.09109185599045531,0.19360568779528933,0.08337196210160976,0.054365747745607915,0.13403155330910757,-0.716692937483906,0.09671282331328805,0.0,-0.10590191986254183,0.0,-0.07248461429138613,0.0,0.0,0.0,-0.184747015022232,0.0,1.0,0.0,0.0,0.05162291388116454,0.0,-0.13562655474116755,0.14460189364791676,-0.2156264299141395,0.08465915909572508,0.0,0.1188441984444992,0.12455465921662043,-0.05459288639782344,0.0,-0.0776344666065892,0.06750903194008519,0.0,0.0,0.0,-0.07358233553032228,0.0,0.0
"Cluster 4855Rv1857, modA, Molybdenum ABC transporter, periplasmic molybdenum-binding protein ModA (TC 3.A.1.8.1)_3",-0.09431937783441921,0.0,0.0,0.0,0.0,0.12182764490907955,-0.054299818741323676,0.0,0.06676034447681313,0.06437260299115855,0.0,-0.11331831256752353,-0.2376298743405269,0.0,0.06508424316844592,0.0,-0.07504761962021149,0.0,0.08302525463084665,0.0,-0.07847974570136276,0.0,-0.11371833987821522,0.0,0.0,0.1370160648557942,0.0,0.0,-0.12697370372647745,0.0,0.11910372431953979,0.0,0.0,-0.0631470984276403,-0.06014467493112727,-0.09366877132438366,-0.05493399794905029,0.19275405112076566,0.0,1.0,0.06417116967059901,0.0,0.0,0.0,0.0,0.07045982118151665,0.0,0.0,-0.12168873551238811,-0.10928928001470291,0.0,0.0,0.0,0.0,0.10129709946029863,0.0785784123841587,0.0,-0.09096056617549571,0.1459035219611627,0.059060981677669364
"Cluster 4423Rv2937, drrB, ATP-dependent efflux pump essential for phthiocerol dimycocerosates translocation, integral membrane protein DrrB-like_3",-0.17644253855156242,0.0,-0.1245524290212443,0.05985448420115053,-0.1513861060940844,0.0,0.0,-0.13321321039865724,-0.08955003455702021,-0.05869460112150839,-0.11418164457210915,-0.056194616296653926,0.06137338280005305,0.0,0.07810085987787822,0.0,0.07666534894358355,0.10343693499062298,0.136847911473105,-0.08492105156609138,0.0,-0.08354390174431588,-0.14860601384739192,0.06201590326852915,0.0,-0.07030099910799831,-0.08542639922783077,0.055993616234602604,-0.2108793997860694,0.05786841536909954,0.1415078926804576,-0.06882673996165269,0.0,-0.06675886225073371,0.0,0.12930341992354855,-0.07904806411335258,0.08115482499056183,0.0,0.06417116967059901,1.0,0.0,0.0,0.0,-0.0680779435192744,-0.10046057331341166,0.08465873919993831,0.12478173960135625,0.06901812281040076,0.0,-0.0590496597127527,0.12640838783635536,0.0,0.16154934058054338,-0.05471978598334974,0.0,0.06785451756842924,0.0,-0.0769525557045605,0.06743325120770853
"Cluster 3188Rv3822, Rv3822, FIG01386146: Possible exported protein, Rv1184c_1",0.0,0.0596177443190704,-0.1020314750321638,0.05000099681791795,0.0,0.06065866018076029,0.0,-0.13889443873727747,-0.11965813286100069,0.0,0.0,0.0,-0.05928092760810762,0.0,0.0,0.0,0.0,-0.0555134621228843,0.0,-0.19173184714483996,0.0,0.0,-0.09405948359128928,-0.0892854195360137,-0.07868701810895812,0.09335706634364528,0.0,0.0,0.09909922637990136,0.0,-0.16298597236004733,0.0,-0.06849237292406571,0.0,0.0,0.0,0.0,0.0,0.05162291388116454,0.0,0.0,1.0,-0.057676274034339725,-0.10645556774191167,0.0,0.0,0.0,-0.14000108633402822,0.1457278622104824,0.0,0.0,0.0,-0.1489055879241226,0.0,-0.05230225565773809,0.0,0.0,0.0,0.09655039815118387,0.0
"Cluster 3728Rv0139, Rv0139, NAD(P)-dependent steroid dehydrogenase_3",0.07842761148060211,0.0,0.055962424920464694,0.0,-0.15151345361120475,0.0,-0.13779291172754585,-0.08143495696454565,-0.10370245227163154,-0.12424497572747129,0.0,-0.22982857788905806,0.06052577775469024,0.11290947660759612,0.05472080575072487,-0.08535923221199261,-0.16945785413254866,0.09399335180334685,0.0,0.0,0.1622470754900803,0.0,0.0,0.0,0.0,0.13794939761284974,0.08111846029044409,0.13295576858225888,-0.2520828900627078,0.0,0.0,-0.13040763454637583,-0.15815423901906958,0.05361054728242149,0.08615212140963807,0.11342167413238066,0.0,0.06728251168623176,0.0,0.0,0.0,-0.057676274034339725,1.0,-0.06732875944141654,0.0,0.0,-0.19287688804425884,0.077945255075944,0.0,0.07411041928409731,-0.11319015605419576,0.0,0.11901574528835787,-0.1534818167443221,0.0,-0.1302219664292521,0.10561108284661658,0.05552417084711913,0.0,0.0
"Cluster 1029Rv3198c, uvrD2, ATP-dependent DNA helicase UvrD/PcrA, actinomycete paralog_6",0.1403313720304138,0.05002341988782363,0.0,0.05356806045249029,0.0,0.0,-0.09299882007366789,0.12350752236924208,0.1361358886331929,0.0,0.05364840146360393,-0.05680700050595263,0.0,-0.0833394923439235,0.0,0.0838882479538066,-0.0678444644868294,0.0,-0.0918410292278763,0.0,0.0,-0.053941949748870545,0.0996729927052877,-0.113283590088064,0.0,0.0,-0.07795466293506664,0.10692160839931543,0.0,0.08713823766200733,0.17271622253489785,0.0,0.0,0.0,0.0,-0.11456466494849321,0.0,0.05707867789808746,-0.13562655474116755,0.0,0.0,-0.10645556774191167,-0.06732875944141654,1.0,0.0,0.0725618509120302,0.0,0.0,-0.07824285269469176,0.0,0.0,0.0,0.12138911611196392,0.0,0.06377788363566834,-0.0547844113338311,0.0,0.05200558776109211,0.07721694575955514,0.0
"Cluster 5910Rv1911c, lppC, Phosphatidylethanolamine-binding protein_5",0.0,0.0,0.14109793112162344,-0.05605791084119726,0.0,0.0,0.0,0.0,-0.055825396262166864,-0.08989252681019073,-0.14034289663623542,0.0,0.0,0.06490230205212139,0.0,-0.13672081431627175,-0.055809882024819964,0.0,0.0,-0.16354187133673168,0.10231390167300194,0.0,0.0,-0.06560442561044519,0.0,0.05723724733038101,0.0,-0.07763244246045307,0.0,0.0,-0.11710266581896861,0.0,0.08477182620466132,0.0,0.0,0.0,-0.0650697983193044,0.0,0.14460189364791676,0.0,-0.0680779435192744,0.0,0.0,0.0,1.0,-0.07841626422930668,0.0,0.0,0.11899136670729449,-0.08588509919488878,-0.09783848094136229,0.0,-0.10262004168518997,0.10759525520721423,-0.07833405505532412,0.1839154379840849,0.0,-0.195457155452021,0.0,0.0
"Cluster 4273Rv2579, dhaA, Haloalkane dehalogenase (EC 3.8.1.5)_5",0.1612514550427579,-0.1213044679517933,0.076956481759723,0.20101528405513797,0.17189645928627428,0.0,0.0,-0.06473131968775091,-0.056069446463749985,0.11319880959057425,0.18523243020355085,-0.2205614281657536,0.0,0.0,0.0,-0.06334739879842645,-0.13084582230253886,0.0,0.0,0.0,0.0,0.0,0.0,-0.10757308042009438,-0.08027601577658755,0.0,0.06719406672619135,0.08946797619290169,-0.06615594185914908,-0.0514942321100382,0.0,-0.1291872059114744,0.0,-0.05234618958710033,0.0,0.0,0.1575916165715318,-0.06737364280461944,-0.2156264299141395,0.07045982118151665,-0.10046057331341166,0.0,0.0,0.0725618509120302,-0.07841626422930668,1.0,0.0,0.0,-0.1469857480487658,0.0,0.0,0.0,0.0,-0.13565472298332534,0.0,-0.08249852527135892,0.0,0.0,0.10746540543648957,0.0
"Cluster 3775Rv3469c, mhpE, 4-hydroxy-2-oxovalerate aldolase (EC 4.1.3.39)_2",-0.14155042104282,0.0,-0.07125651905734863,0.0,-0.07130255825732287,0.08503332924049117,0.0,-0.05864739706251659,-0.09712174966008993,0.0,0.0,0.0,0.0,0.0,0.0,0.0,0.0,-0.056696457213634796,0.08670009832698806,0.0,0.0,0.0,0.0,0.0,0.07785266494737705,0.0,-0.06455640309471322,-0.054028681195875096,-0.09535251337405573,-0.050798219128014806,0.05602900165018542,0.0,-0.0839583681890166,0.0,0.0,0.0,0.0,0.06922021381415311,0.08465915909572508,0.0,0.08465873919993831,0.0,-0.19287688804425884,0.0,0.0,0.0,1.0,-0.07570522227588843,0.0,0.0,0.0,0.0,-0.1313212906947387,0.1483779856165244,-0.09741709862593799,0.10814118262093543,-0.09743356016471273,0.0,0.0,0.054594766206116516
"Cluster 5651Rv1016c, lpqT, Lipoprotein LpqT_4",-0.263249658373173,0.051026271125969164,-0.07688818895957313,-0.051107023729044694,0.0,-0.06586649301987683,0.06666078219008124,0.052642304546432706,0.0,0.09182370603428344,0.0,0.0,0.10144281676754924,0.0,0.07579369923790763,0.0,-0.08847798910380897,0.05165982275134377,0.0,0.0,0.07192759301346907,0.0,0.0,0.11174414407778577,0.0,-0.20440871339693464,-0.14340555452202203,0.0,0.0,-0.06206621166718804,0.0,0.0,0.0,0.0,0.0,0.0,0.0715103156417672,0.0,0.0,0.0,0.12478173960135625,-0.14000108633402822,0.077945255075944,0.0,0.0,0.0,-0.07570522227588843,1.0,0.1031589329356511,0.17264975232004626,-0.05939187749700383,0.0,0.06557114834384017,0.0,-0.11570545191055885,0.13487580988622658,0.0,0.0958461618694421,0.0,0.05388129427663842
"Cluster 3348Rv2454c, Rv2454c, 2-oxoglutarate oxidoreductase, beta subunit (EC 1.2.7.3)_2",-0.25825193196556806,0.06677576842272061,0.0,0.05132921677382995,0.0,0.13877540033506655,0.12565280436329024,0.0,0.0,0.0,-0.10810692747406946,0.0,0.1263868026924016,0.054902722599194306,-0.06546613158277129,0.11198080950918478,-0.06410903187331143,0.08431324423192196,0.0748726919531588,-0.35823939255139986,0.0,0.16642395091746462,-0.06429059349429866,0.08578363280065004,0.0,-0.13941443373978685,0.0,0.0,0.0,0.0,0.0,0.0,0.0,0.0,0.0,0.1640895527041297,0.0,0.0612395383867957,0.1188441984444992,-0.12168873551238811,0.06901812281040076,0.1457278622104824,0.0,-0.07824285269469176,0.11899136670729449,-0.1469857480487658,0.0,0.1031589329356511,1.0,0.0,-0.06717744566247899,0.08424505119102675,0.0,-0.06891332237164254,-0.12523678563596646,-0.062166383065380935,0.0,0.08799940526230686,0.0,0.08883893706383393
"Cluster 4401Rv1282c, oppC, Oligopeptide transport system permease protein OppC (TC 3.A.1.5.1)_2",-0.18988252916541476,-0.11148136203817524,-0.09376295615575642,-0.16722201311889082,0.0,0.09628929308333051,0.06845000019984825,-0.06816229086976781,0.06109204080313417,0.0,-0.16859362976443995,0.0,0.0882869605180641,0.0,0.25288418847967725,0.0,0.08089770595033592,-0.050743128400155706,0.06413624572076056,0.06776043732912139,0.07672497534081502,0.0,0.07290061080976758,0.169811206543359,0.0830635884899302,-0.05659180283839003,0.0,0.0,0.0,0.0,0.0,-0.18772990497117667,-0.07541705406895927,0.0,0.0,0.09535591774679975,0.0,0.06344206730478051,0.12455465921662043,-0.10928928001470291,0.0,0.0,0.07411041928409731,0.0,-0.08588509919488878,0.0,0.0,0.17264975232004626,0.0,1.0,0.05075463157413711,0.0,-0.05782175851419652,0.07458363143343798,0.0,0.0,0.0,0.0,0.0,0.10510924274984951
"Cluster 484Rv2124c, metH, 5-methyltetrahydrofolate--homocysteine methyltransferase (EC 2.1.1.13)_5",0.0,0.0,0.0,0.0,0.0,0.0,0.06789813283291261,0.1569486290114617,0.19869379502153459,0.0,-0.07017039465276427,0.0,0.0,0.0,0.06981486630939389,-0.06924536810010819,0.2412424416973773,-0.07512388051864127,0.0,0.05133588909282678,-0.1508068662389716,0.05198216966410203,0.07949375584980163,0.0,0.0,-0.06507916380495624,-0.09505406214089868,-0.08077147262891364,0.0,0.07812330538817151,0.06921848899188326,0.0,0.0,-0.0565474953163035,0.0,-0.21809693453909906,0.0,0.0,-0.05459288639782344,0.0,-0.0590496597127527,0.0,-0.11319015605419576,0.0,-0.09783848094136229,0.0,0.0,-0.05939187749700383,-0.06717744566247899,0.05075463157413711,1.0,-0.050691132489703764,0.064778375890157,-0.08054304079751329,0.0,-0.08067244475694664,0.09686178496211365,0.0,0.0,0.0
"Cluster 7317Rv2656c, Rv2656c, Probable phiRv1 phage protein_1",0.0,0.0,0.0,0.05654672860188968,0.0,0.0,0.0,-0.10304917326845288,-0.06502772728527416,0.0,-0.06754107646139293,-0.11766597337884115,0.0,0.0,0.0,0.0,-0.05651139278582115,-0.05711659423949239,0.11841927384989209,0.1691861763070092,0.0,0.0,0.0,0.0,0.0,0.06587772494572247,0.0,0.0,-0.05450498212998809,0.0,0.06469294263805753,-0.12912421732316218,0.053503871199641055,-0.141526286411266,0.14944796477163846,0.11494513928530484,0.0,-0.07729474502240258,0.0,0.0,0.12640838783635536,0.0,0.0,0.0,0.0,0.0,0.0,0.0,0.08424505119102675,0.0,-0.050691132489703764,1.0,0.0,-0.15659495126235815,0.0,0.0,-0.05217484237781169,0.0,0.11283301380310065,-0.054365951838304664
"Cluster 152Rv2931, ppsA, Phenolpthiocerol synthesis type-I polyketide synthase PpsA (EC 2.3.1.41)_1",0.0,0.1480439566647864,0.0,0.0,-0.07040903460061791,-0.0751036978750838,-0.06956988053946657,0.0,0.12188677765371715,0.05757858020170183,0.07992472494924335,-0.10731292075592153,0.0865636653461816,0.08891152932302815,0.05544386101111833,0.10968399566155017,0.061803025655807434,0.0,0.0,0.08699306651550352,-0.14265460581927392,0.0,0.06158818726915694,-0.09627516774313856,0.0,0.0,0.0,0.0,0.05784019904462558,0.0,0.0,0.0,0.15609417640493964,0.0,0.0,0.0,0.052319547601697235,0.07260515581536177,-0.0776344666065892,0.0,0.0,-0.1489055879241226,0.11901574528835787,0.12138911611196392,-0.10262004168518997,0.0,-0.1313212906947387,0.06557114834384017,0.0,-0.05782175851419652,0.064778375890157,0.0,1.0,-0.20272398884812684,0.113536516864772,-0.06399797042496495,0.0,0.0,0.0,-0.0644802743795146
"Cluster 573Rv3239c, Rv3239c, EmrB/QacA family drug resistance transporter_1",-0.14974311855174932,0.12070830538448858,-0.09326156286924847,-0.11199403959115796,-0.08218886528476795,0.16254734540205232,0.08142255872295681,-0.05131898594773151,0.0,-0.23359172272420528,-0.16737207903537868,0.0,0.0,0.0,0.05260413440953198,0.0,0.0,0.0,0.0,0.1157935594836458,0.0,-0.05613095964772336,0.10103382294856432,0.060076895192948794,0.08244258562884048,-0.08528531114732242,0.0,0.0,0.0,0.06420172060485109,0.0,-0.07784910575020279,0.0,0.11399998835384323,0.05814714580114568,0.0,0.0,0.09728942121574542,0.06750903194008519,0.0,0.16154934058054338,0.0,-0.1534818167443221,0.0,0.10759525520721423,-0.13565472298332534,0.1483779856165244,0.0,-0.06891332237164254,0.07458363143343798,-0.08054304079751329,-0.15659495126235815,-0.20272398884812684,1.0,0.0,0.1904515863923303,-0.05445018948354518,0.0,-0.14440296458635993,0.0
"Cluster 257Rv0425c, ctpH, Probable cation-transporting ATPase I (EC 3.6.3.-)_3",0.0,0.05966019583522452,0.0,-0.05857126651835282,-0.09389156546911896,0.0,0.0,0.08690696815302146,0.0,0.057844552411540566,-0.08107004754181144,0.0,-0.11524890183792805,-0.09514758360124767,0.0,0.0,0.0,0.07430603899527352,0.0,0.0,-0.16571093870167516,0.0,0.0,-0.06560800064947207,0.07692686794108053,-0.06549766377976926,0.0,0.0,0.0,0.0,0.0,0.0,0.0,-0.08503684122183593,-0.05330189185769128,0.0,-0.06084550522047099,0.06396384167154015,0.0,0.10129709946029863,-0.05471978598334974,-0.05230225565773809,0.0,0.06377788363566834,-0.07833405505532412,0.0,-0.09741709862593799,-0.11570545191055885,-0.12523678563596646,0.0,0.0,0.0,0.113536516864772,0.0,1.0,0.0,-0.09327547518840996,0.0,0.0,0.0
"Cluster 7102Rv1064c, lpqV, Putative lipoprotein LpqV_3",0.0,0.0,0.0,-0.07104269766342848,-0.0771052004627599,0.05569283372375951,0.0,0.0,0.0,0.0,-0.0753980112125033,0.0,0.0,0.0,-0.07795619521971706,-0.1369951436629922,-0.09141960819348308,0.13088784878280166,0.11660399021799592,0.0,0.0,-0.11291503564389795,0.06895014213800073,0.0,0.0,0.0,-0.07552288581753432,0.0,0.0,0.0,-0.06556635342041245,0.09257081442849414,0.0,0.07881141691069471,0.0,0.0,-0.06121771344100805,-0.1336501467953933,0.0,0.0785784123841587,0.0,0.0,-0.1302219664292521,-0.0547844113338311,0.1839154379840849,-0.08249852527135892,0.10814118262093543,0.13487580988622658,-0.062166383065380935,0.0,-0.08067244475694664,0.0,-0.06399797042496495,0.1904515863923303,0.0,1.0,0.1035800397568429,-0.13266963529371878,0.05886101806201324,0.08874527765446402
"Cluster 7305Rv3020c, esxS, ESAT-6-like protein EsxG_3",0.0,-0.08161857477893215,0.0,0.0,0.0,0.06350188267909113,0.0,0.0,0.1110600426565991,0.08721467470896867,0.0,0.0,0.0,0.0,-0.06844554716508315,-0.13795488349345872,0.0,0.09475771424903195,0.0,0.10005627050367535,-0.06420348436078951,0.0,0.0,0.0,0.0,0.0,0.05758099570020821,0.0,-0.11722456518324201,0.0,0.0,0.0,-0.056741833651223955,0.0565195453649097,0.0,0.0,-0.10624184893531705,0.0,0.0,0.0,0.06785451756842924,0.0,0.10561108284661658,0.0,0.0,0.0,-0.09743356016471273,0.0,0.0,0.0,0.09686178496211365,-0.05217484237781169,0.0,-0.05445018948354518,-0.09327547518840996,0.1035800397568429,1.0,0.0,0.14989635700611428,0.05514204967200845
"Cluster 5665Rv0956, purN, Phosphoribosylglycinamide formyltransferase (EC 2.1.2.2)_2",0.06001026322221923,-0.12686215344192817,0.0,0.15015346299010474,0.0,0.05021959462751386,0.11194424223284975,0.0,-0.06727669353828412,0.0,-0.05397837096331418,0.0,0.06333158227210119,-0.060917685067693794,-0.06976953337037212,0.09874708075674397,-0.12193076525740043,0.058648176351643974,-0.09327825993700548,-0.1477857852998504,0.0,0.0,0.0,-0.07910460406971295,-0.05178440735364105,-0.07934741693773212,0.0,0.0,0.08242813682512257,0.0,0.0,0.0,0.06295166228738769,-0.1017414457039556,0.0,0.056360338310624654,0.0,0.0,-0.07358233553032228,-0.09096056617549571,0.0,0.0,0.05552417084711913,0.05200558776109211,-0.195457155452021,0.0,0.0,0.0958461618694421,0.08799940526230686,0.0,0.0,0.0,0.0,0.0,0.0,-0.13266963529371878,0.0,1.0,0.0,0.45781864874563377
"Cluster 7659Rv2007c, fdxA, 4Fe-4S ferredoxin, iron-sulfur binding_1",0.09912045124654885,-0.1176590865922819,0.0,-0.13809955134510524,-0.17193394362213432,0.0,-0.10297081483195768,0.06502103691554717,0.12898958063100063,0.16255827729429642,-0.13015780787288822,-0.10498785733833116,-0.15028087021088157,-0.05805615868885464,0.0,0.10978056390061318,-0.11408374607020304,0.10691341286228864,-0.058230756618648474,0.0,0.11906353934644412,0.0,0.0,0.0,0.10709548428575184,0.0,0.0,0.0,0.0,0.13269006098675648,0.0,0.08550660197780605,0.0,0.0,0.0,0.15736915125646136,0.0,0.16803909239119,0.0,0.1459035219611627,-0.0769525557045605,0.09655039815118387,0.0,0.07721694575955514,0.0,0.10746540543648957,0.0,0.0,0.0,0.0,0.0,0.11283301380310065,0.0,-0.14440296458635993,0.0,0.05886101806201324,0.14989635700611428,0.0,1.0,0.104638038638942
"Cluster 5665Rv0956, purN, Phosphoribosylglycinamide formyltransferase (EC 2.1.2.2)_4",0.0,-0.19015101525438483,0.0,0.0,0.0,0.0,0.0,0.058917658311826195,-0.12613800095462582,-0.08266939474640367,-0.2043044776229985,0.0,0.08689079413540671,0.0,0.0,0.0,-0.19325473830023196,0.07582348699833978,0.0,-0.15050190849250358,0.0,-0.061373425082867486,-0.06731096260720984,0.0,0.0,-0.05680122329579488,-0.1509881793955467,0.0,0.0,0.0,0.05985085181597576,0.08670566296059748,0.0,0.0,0.0,0.2031755668063903,0.0,0.14410114398304494,0.0,0.059060981677669364,0.06743325120770853,0.0,0.0,0.0,0.0,0.0,0.054594766206116516,0.05388129427663842,0.08883893706383393,0.10510924274984951,0.0,-0.054365951838304664,-0.0644802743795146,0.0,0.0,0.08874527765446402,0.05514204967200845,0.45781864874563377,0.104638038638942,1.0
