,0,1,2,3,4,5,6,7,8,9,10,11,12,13,14,15,16,17,18,19,20,21,22,23,24,25,26,27,28,29,30,31,32,33,34,35,36,37,38,39,40,41,42,43,44,45,46,47,48,49,50,51,52,53,54,55,56,57,58,59,60,61,62,63,64,65,66,67,68,69,70,71,72,73,74,75,76,77,78,79,80,81,82,83,84,85,86,87,88,89,90,91,92,93,94,95,96,97,98,99,100,101,102,103,104,105,106,107,108,109,110,111,112,113,114,115,116,117,118,119,120,121,122,123,124,125,126,127,128,129,130,131,132,133,134,135,136,137,138,139,140,141,142,143,144,145,146,147,148,149,150,151,152,153,154,155,156,157,158,159,160,161,162,163,164,165,166,167,168,169,170,171,172,173,174,175,176,177,178,179,180,181,182,183,184,185,186,187,188,189,190,191,192,193,194,195,196,197,198,199
"Cluster 3930Rv2043c, pncA, Nicotinamidase (EC 3.5.1.19)_10",-159.01578114800017,-115.19118740624283,-100.148328136756,-133.21344093501017,-155.58214581746276,-105.81980850648746,-194.70040153255917,-120.29695863651877,-70.41055186527,-114.74121885471457,-158.62360710673215,-106.85251199822198,-116.1078195813319,-135.12571009729393,-126.26667407993021,-132.14466285509235,-124.62722104943055,-95.78151584657573,-150.5730135085901,-130.02991588639344,-60.963566521136606,-142.86187127822893,-155.05006377477704,-84.06219660506378,-119.87315157383098,-121.78333960650428,-107.70959926671289,-145.46755312105765,-101.91374469442634,-199.57781859474682,-121.13211104914295,-122.56688144232855,-83.77392089380024,-115.4160742095514,-159.04414466943678,-111.18779461652646,-105.83785071172267,-129.57199585298108,-106.44712540130031,-94.73258366492273,-126.41675242196423,-90.47583987358254,-124.47041864238655,-117.35771428013591,-128.08404357722767,-144.56106316145275,-109.75903218862213,-153.8009151830645,-141.80743763938483,-87.32983245331792,-131.13513086258286,-133.24055705223168,-138.9707478017537,-114.29204497582244,-100.61305128152912,-66.76266394550167,-121.36409197457586,-116.89129412660365,-55.73759915483732,-163.69532162275425,-101.59325707197809,-142.91391230624896,-95.00741079726183,-117.14558158476524,-75.2932929283515,-133.38656208030693,-87.00236891023297,-82.25828479912543,-106.36704250584724,-163.13205723881327,-119.61731338418565,-103.50375797798677,-103.43359045379613,-150.60476835443595,-118.11022907196,-130.52754226940564,-92.15000104604927,-147.92045010986723,-128.45793186809482,-149.30149132974609,-127.86398715899075,-152.76351005124985,-122.05017519213216,-134.52703922771235,-112.45766510478077,-99.11711415139958,-138.40616051881378,-123.45606550743791,-134.98675748983217,-94.6185022179963,-149.4143291629038,-119.37308741726558,-110.57927640760421,-112.98919053893263,-133.01173117877147,-143.47631021184532,-132.46323237444452,-159.24623176026788,-142.7704166029305,-149.15189162298958,-133.79291446969282,-107.7833910309818,-110.71466553831297,-135.9335138723941,-167.79399546364365,-145.00020301645432,-132.22695377026415,-121.41326209817963,-111.51009642005059,-135.87171487821638,-122.59602780025553,-119.8715764189886,-106.54951540066779,-102.71973802216242,-152.1672240235563,-118.35244586776889,-108.65546734504073,-112.41184083353808,-122.99768696043508,-128.74996825740138,-105.6597089506525,-103.09039949409086,-99.16630813690111,-130.35114953166322,-123.63620307078352,-75.42882800767028,-74.82748588690684,-127.2037643065547,-76.01716082738656,-147.72733054078256,-135.5436981017053,-68.98034604673353,-142.62030093483207,-108.58872181889464,-102.41789622446555,-132.2828355040501,-128.8322286418905,-115.74572008583328,-87.40972684385122,-138.8636574386431,-121.0733003541427,-76.57457128867019,-154.7620781953064,-111.16425659028603,-94.4080404601869,-85.96453535279485,-86.64778722239994,-116.75886476409558,-115.6603344122721,-118.02441254957273,-130.01782172398714,-110.02702930162512,-143.88955255265606,-152.47616775305016,-107.30826669317936,-150.27537622549764,-124.52620980177002,-126.78920450426386,-130.66403655879375,-123.35128663589187,-79.25264593500198,-122.78048055758295,-121.34080036162511,-96.62842352374521,-105.85791975932283,-95.00151346585686,-175.1112022057549,-157.6896705742241,-89.66776837339006,-159.2778860620477,-101.39223880963695,-92.57617320053458,-103.72861499822274,-131.4073460406105,-109.56275119851036,-139.14435710821255,-100.11287902536607,-111.50436585569712,-116.61416426763039,-105.00167041388045,-90.65757766896141,-160.40286769786775,-97.45765508708865,-119.06434632731884,-103.92444556881854,-111.95397133895098,-139.01294719094037,-144.79623765672218,-115.02919613589229,-183.86663218704916,-112.91225876772869,-110.98145487562385,-125.46300106021609,-119.10555861377358,-140.55302116769016,-146.88856252756915,-101.03937400661168,-131.56308299015345,-128.00284045845467,-114.73616634862954
"Cluster 3289Rv2560, Rv2560, PROBABLE PROLINE AND GLYCINE RICH TRANSMEMBRANE PROTEIN_1",-24.592207491791495,-67.91284435304723,-75.55391365479657,,-17.112464425706605,-34.501791498524845,-16.416418249146876,-66.67563359646127,,-54.355394608843284,-63.39648193843111,-33.906229238371104,-33.647224893186795,-19.18864835029516,-76.48007129606727,,-31.382124314452696,-71.04463743032959,-47.59817589514156,-53.57207129669607,-38.24076592173142,-7.936976133993969,-30.252515824138598,-68.05225446672928,-37.08206706208188,-72.3387615651809,-17.406837550006987,-41.31079925366989,-32.71299234265457,-68.22602751253281,-81.3029076955108,-67.78395350276955,-38.75059093512526,-70.60006742340681,-49.88024931407987,,-59.897241842785924,-55.82507092644492,-41.66434637708894,-57.58470451407859,-71.85685579233834,-46.45049033491968,-35.705056327074146,-52.75916507386625,-10.331423451065506,-37.11890095049435,,-52.344797962332116,,-52.87748257614938,-50.43413996476129,-29.668440820240033,-19.607149005219974,,-64.7967427789864,-52.007469985429125,-47.1603749271783,-39.314959950055425,-38.86790235007612,-29.97806784258361,-65.12508974896905,-30.246423402273905,-56.17173869878712,-62.66513041681167,,10.515327505986042,-22.465033405471782,,,-42.838967180935995,-39.58299211330239,-73.5014692441914,,-54.06133633601387,-36.903911724700606,-61.03529417439913,-13.884737653740995,-34.990408752300524,-40.881646535826846,-0.3512772936944146,-52.335192568830536,,,-81.9069250309105,-55.90236239440177,-39.62637128558617,-40.63856976873668,-22.44731438691479,-47.794520839526776,-47.979350128162615,-14.544635500130116,-35.33779063845273,-41.458221154502205,-74.66477595085935,-58.52121156616335,-57.95302741926294,-33.51234145469823,-22.094188985133783,,-28.450047633051486,-48.76938398328791,,-35.09234113898413,-25.937381128784295,-46.79066453135675,-64.7021279669445,-17.59371770943946,,-42.69562473568835,-46.883413606620344,-58.35537904428264,-40.27308511973389,-60.88486627590219,-14.707889897278465,-57.5013153831645,-57.901501259060765,-65.49333046547974,-79.88511664191995,-0.6228373777769276,-49.32266372207111,-35.03168404261858,-56.40553446672681,,-49.23933880858646,-17.74998197885604,-37.63565821987859,-38.2800871274166,-23.49852915904545,-30.996761154002925,-59.58343147963481,-54.30521072603061,,-36.172044207338885,-33.85054391979296,0.0,-24.924155137225984,,-45.47652809437253,,-48.57498493537246,-29.267985203415993,-0.8215591349089368,-34.169189541771196,-18.84432134837599,-47.27546174952109,-32.68524038768724,-48.31342700422172,,-77.82186371400216,-49.755529324903215,-5.07810251584965,-33.93623063317959,-37.74265449969948,-43.657373842151024,-85.84500165200211,-55.7750796986122,-52.36847998590613,-38.91402527956102,-52.38078051489647,,-26.344952450973977,-35.05275142931371,-24.70610875032762,-31.868581502192825,-29.94439509669128,-58.775836506201145,-17.558499921791746,,-13.912270679427742,-89.24141139352152,-12.262136868233855,,-52.268881823057434,-45.652164197808176,-35.873527120125054,-26.598439874626553,-26.02712547351589,-74.43982086364491,,,-53.43067196652094,,-73.18981273626186,-38.45636179947028,-43.62678528844054,,-35.888168278724144,-42.818475621226625,-30.573710903366806,-50.71442160486639,-7.8259160951917215,-55.06614012384705,-28.64359007473786,,-44.170123412782196,,,-42.997079503445065,-54.925863217969734,-64.53297741933629
"Cluster 521Rv1358, Rv1358, Cyclase homology domain / Predicted ATPase / Transcriptional regulator, LuxR family_5",,,-52.54772874149823,,-25.17123927517123,,,,,,,-27.90457701199668,-53.31256785700827,,-46.359644161868204,-77.64917929537495,-57.85517999749056,,-19.76952279672684,,-39.30056097522928,-57.86286455830981,-51.73133019052365,-9.841209097338293,-48.833750042646294,-45.61980749290468,,-58.999520608090265,,,,-64.56108930329367,,-15.667565655017853,,-38.580394312739074,,,-73.59223297574971,,,-38.9186291386953,,,,-39.138684638413054,-47.216638363181794,,,,-60.2987129135358,-67.1293969186061,-55.31716039314163,-49.66360788984057,-47.919496742735134,,,-18.404103149958623,,-30.34952607265555,-68.36822034303735,,-37.54212199103563,,-83.01480616350912,,-23.139222364957906,,-76.0042688459312,-37.156241284102656,-55.06862130915249,-21.9949161906662,-60.312918080042834,-20.009708107366762,,-41.471280210105775,-55.24163011145042,-70.41928391529513,,,-48.77454726478979,-30.080037745287274,-78.16286713645829,,,,-29.12074284768564,-44.745301551863626,-60.75490611530519,,,,-25.29933592189708,-67.20058151012532,-75.79368979059042,,-71.46674135446554,-73.56913575440109,-26.54835212274476,,-73.56658428292957,,,,-73.2038182077729,,-61.223633319744174,-62.987743692866616,-43.44318117753683,-67.6283897654544,,-30.142255242951762,-52.78248690620148,,,,,-39.24842597232176,-42.990650524381586,-44.12108486603335,-80.76494158102548,,-70.81789989043368,,-50.48818314977146,,-36.67624392612445,-43.412452337428164,,,-80.46385440921956,-64.55579234731562,,-79.40889378384263,-34.98440813101165,-44.33173308644719,,,-41.711987931954674,,-44.103471918836775,,-66.69123789696305,-39.621836704678095,-26.37461074763699,-59.4806252276067,,-48.62023559661916,-57.075938652762844,,,-44.54801094467467,-79.33409412381994,-77.97555902869804,,-90.6228994161479,-51.351484590215165,,,-68.25268560912846,-31.55750956853271,-42.12005964554544,-40.6657628951997,,-22.45121035824473,-22.843294343752742,,-60.29261918890103,,,,-63.19029914681174,-50.13076556785121,-53.062365263800224,-63.41862445154917,-93.30796228970864,,,-59.76110287854787,-24.40045309531883,,,,,-52.45087082222079,-47.44119037302699,,,-65.18192118328378,,-60.03232159794163,,,,,-116.83386912331149,,,-60.70320965885372,-37.10358579756171
"Cluster 4054Rv3843c, Rv3843c, putative membrane protein_4",-64.37312193397261,-59.374029193066704,,,-35.94521612117683,,2.4449340589499364,,,-39.36243664762924,-37.368055516417705,-26.363932412546998,-57.43488413669885,-45.003276160449715,,-52.00259086735456,-33.3402595908957,-38.8178369832601,-66.51266937112354,-45.108204529883764,,-13.360405691827395,,-47.308269752639774,-15.81870982588973,-35.80906292829522,,,-29.603502352647098,-46.9942188026667,-75.80166475093137,,-32.42511731451337,-17.897323694081393,,-29.563020057978886,-48.88507355900835,,-39.36880460761229,,-71.9086766968287,-24.153530155760237,-10.458603313870512,-48.14758077390014,-40.54045973686957,-21.28187525146662,-24.45344179226893,-45.23604034612499,-92.41005401488104,-60.39729642709153,-23.63814045577709,,-80.5112495739215,-57.39992523640099,,-61.772402972003384,-25.71025483528111,-26.959352619398928,,-27.818834132412206,-31.45623329627375,-43.38207543828288,-34.36780637641368,,,-15.121450084162923,-16.24211489659566,-10.073233506377342,-36.49646640988555,-36.71267272670641,-24.01673056236216,,,-38.22961136906846,,-22.891849487810486,,-39.37168540071947,,-25.873056895003934,-36.681780872523774,-81.98727723977571,,-28.655791918215385,-16.321159395875668,,-16.606299898947416,-33.08941568652238,-8.462660322712791,-55.17277810949805,-32.77276991670022,-36.032568492197456,,-23.424350496343223,,-33.62949182354897,-70.67655298066789,-50.28931689600394,-31.30791285400218,-31.29014934084411,-15.111940958819204,,-47.28964451357585,,,-87.06846054047749,-49.01794213995073,-47.61270571012424,-38.01544802796939,,-57.48683351176708,-32.94154826349093,-46.11554052030395,,-56.52621359877516,,-54.47646437334661,,-22.288082589128894,-45.59649869033266,,,-58.22316987226663,-54.70371548580488,-39.67416434407866,-17.62251255209614,,-28.707773403860187,,-35.43099109315049,-42.25150291704577,,-28.970271490293158,-15.2535290048935,-24.16183462320554,-41.89099754275382,-10.304909717459807,-50.65419998373453,-33.33169955638019,-24.131782726630586,-45.948566930453644,-33.10774731605854,-34.90779212001018,-46.31418001114641,-46.235305218276764,-35.8847347713009,,-32.80207086849047,-51.00748779337883,-62.67603400602998,-31.904058655993154,-65.35515767662147,-28.607017160859495,-27.833281489456642,-48.3241114647425,-43.22443304929271,,-32.593837707728554,-38.72630658988325,-20.27060567031182,-31.105500191540916,,-29.781105060764737,-60.48127341491108,,-42.377004886894234,-42.94660658675106,-36.1726651359519,-3.0893225697931896,-48.29325795432686,,-12.444889194003778,,-12.559807908655232,-26.182546525424712,-39.87078862292111,-49.466263924406604,-33.80559673449471,,-28.031463277255444,-6.959555805604188,,,-40.47986292140988,-39.25382479590147,,-25.38174111881239,-50.74834420805481,-23.091155024014924,-51.55327721410827,,-64.78176000902305,-37.230473246322894,-54.95521333458821,-56.779593088975915,,-11.20607021201837,,-38.239711860434866,-23.480250521823482
"Cluster 3713Rv2715, Rv2715, Hydrolase, alpha/beta fold family_1",,54.38611236305607,,,,80.24278302309183,51.449009588518074,84.7712475398719,,55.841946796456604,77.76973191636777,29.28046643973784,36.029692246157346,47.4234605852481,,,56.52045632481453,,49.89431380644397,106.05515405813279,,71.57111316597998,,61.79448442833032,47.87842166780559,35.06316954391248,,29.945346919321363,,,,,,89.5642575179734,64.79102159947217,31.396772238682697,53.9531978070925,,,,64.60707974779346,50.597574215022355,,,19.886456170985085,96.49889395379313,,,,,,82.82473984190379,,,49.188707993448745,,64.85080725152525,38.17071911023023,,20.38275230785998,,46.598795496017225,,40.16697812142783,,,28.626826486974633,,,,38.75525731236583,62.251984089556224,45.01021578146169,29.672186514857867,,37.608630738189724,,,94.33014762644235,,21.704936912043404,66.74730921999226,52.562397173993766,,60.04837007841596,,27.79475168730048,,51.58638257029057,61.22557116371112,60.84681335393128,53.540747797166375,,49.0032907379226,,,,,25.0987327076301,39.30677451228282,26.31198479824328,,60.813652994214834,56.61682813138465,4.36584874405577,,,,64.7351519639438,69.31748773609388,,28.540440060824768,,71.67773125460178,74.07707450126085,,,,44.21383781305373,,,,,,25.081953614684174,58.9184388143416,,35.78016239728765,34.37110072548148,41.54539151941503,,,70.54551825798822,54.949253515642184,,,,35.35923373458338,,60.92109584288148,43.85458116230755,,,38.93398637184224,86.7562144297717,23.576816010326553,,64.02457610969952,,89.13782098846914,72.3525489633893,,28.004414883128813,,,48.59593353972276,74.79798040099394,26.379661175215112,46.853213882283214,,,41.1908604182818,,,,,50.51808629373859,,14.324178700849064,41.10266152035067,,,38.100236704020084,64.18643986590854,,47.31486661640929,,,,,72.21194439824282,,,33.390851638889615,81.6688500414166,65.32025741229063,56.449933044084325,54.34938788784957,,66.54719446754602,51.755195036627924,,,,,,,39.893287040883585,,46.0290673781958
"Cluster 5659Rv0475, hbhA, Iron-regulated heparin binding hemagglutinin HbhA (Adhesin)_2",29.04445785080598,-6.9541826368399455,,66.06581807011817,22.659125021093832,8.372820895835757,58.37731677885096,14.072930886611317,,57.63501382498142,27.45737106526546,27.825024202979154,19.92757465086976,0.921032706810554,15.804606833328197,34.40456526703053,20.678587206540133,33.27850424752414,39.36247116899009,17.052646831619505,22.39464418438034,24.29940425021714,26.38642135978409,4.202417010150737,51.35157614580374,16.485484588225074,3.397426414705559,20.041219521541205,,53.75510250564807,,2.421677584003227,25.791424171924817,51.90316053083716,,,37.1387573021717,,17.907910215805575,0.3003722943363746,,0.7726368024456509,,49.51896545028606,-3.567022293279855,26.78986114555176,9.444290167413085,33.61525391499298,47.75862644864521,20.522417911766336,69.64846191711095,38.49612139061411,,38.88315214044021,24.899471787527915,33.419344072865364,15.343517707154124,,22.59920373457077,,25.352682825978786,37.65251928875762,51.67624803978451,6.049842273177328,,25.91142582491106,,60.477775528456135,51.31828633634537,,25.344702805045735,24.207675689735865,41.8285309649665,,46.25316646714491,35.473651143798236,28.119739437246594,21.63854298094524,21.608673739738155,2.0549586321682702,34.20993433886052,15.446005262230713,20.698217969915316,48.72448218119763,59.05270387034014,0.05246033011989948,47.766221298989926,68.7825387487497,42.57219054861659,8.36253217593066,,18.270589510672355,16.3970439553636,,41.2627224416735,7.196836848225068,51.35065438798888,52.07255109297547,18.915169724120528,,,56.97947151040739,25.37459591783048,1.329398423658124,12.407915337563686,11.599003602808153,41.271944949673326,41.01824852625856,27.152126554958148,0.0,29.605093366598307,,24.907569399933212,4.7774415868163205,17.928667866624693,,,60.2991862311225,38.48007301957176,37.74448272233342,,,43.22380328072993,5.155699989594012,39.38295138637505,,19.46679579656856,57.198571210750565,,,55.493432951660296,,13.89459496614953,5.731242190411024,60.99160047072877,17.374026971952308,34.30389316507226,1.177241194504474,,20.604203693797405,0.0,,16.590940965029933,27.59680925226743,-2.4269907582220993,11.379947113759936,,,24.89716951232891,8.476206673476245,34.48346159921517,19.582106637906616,51.67563518437802,,12.532086990946372,22.306096802924387,,38.131925304458676,22.381808293292497,,,18.59932772583836,,42.273024854286014,14.781796979277376,49.661488756396274,12.313336929184995,42.94119343779893,49.387654749720646,,33.346865293256755,34.0053026375316,,-0.16669658435182355,3.225673991400111,37.49796808119185,26.102956014700787,43.87190387934325,,,28.47648261852832,25.150108760293712,26.00214209130913,25.392397386796652,17.631677046171824,2.914410014376379,30.717560621323635,33.40738954108337,,47.35280183852621,40.38035367385894,23.409544265902188,40.03510494351328,49.86872404521264,2.268749220443179,45.90046895273266,,28.723792103312597,15.654227630513025,28.652481362357886
"Cluster 3151Rv1229c, mrp, Mrp protein homolog_2",,,26.37943667244183,,,,84.0808167295394,,26.09523395484494,,48.91614658432136,,,41.964263132248426,18.856297837329883,,10.382603727870082,,,25.880136886168764,,57.22105377341741,,,,25.931950283899436,,,,,73.32469054018199,,,46.51821278393633,,,,,53.12010639939988,,,,,,,46.44883286471589,29.039853086817686,,,,56.630981921100634,50.68103732232979,,,,40.93663585716641,25.98082383814657,39.91752308058421,,13.029428416450545,,73.31130386165114,60.72821169525298,69.24631320230121,,,,63.54052051888163,,,,23.530079192085097,,,,,,51.212943156672324,,68.23510632563705,89.65695227826885,,,,,48.57019543606545,76.73376824766947,,77.38361323304689,,,40.19109074906333,12.261869312763924,,52.29672707795961,29.199525785926756,66.91858572644526,,,,,,,64.99044016588955,,17.68988837447032,,,42.83987909672586,14.681075765853276,25.278137395579403,,13.530540637199064,,,,,28.91067653392129,,,,54.698442445816426,,27.416035966887684,47.843393584053835,,,,,,,,,67.12001961829628,,,,,44.914840536455856,,67.35489036389336,,,,34.277099875234484,38.204485107145665,,,16.02106338555737,,,,,,,74.60147401312396,,,,,58.70061510276621,23.27944167479183,,,,,,82.8254063350878,,,,,,,15.430793819288336,,69.9622658651308,,51.04565156715268,,,27.78280362832266,,,,,66.09730409635773,,61.34016876394241,,,44.653385482346664,65.19915014856873,,31.756677991401315,54.359221632159155,,,46.2302888771555,59.837585421102
"Cluster 4477Rv1008, tatD, Putative deoxyribonuclease YcfH_2",,,,,55.29569488979508,,58.237305396457025,19.042082875818853,,73.98671082255971,,,,,36.564367243640945,,,41.09837657693119,,,35.204692715244796,42.65453134691215,,,,,35.81492912979435,47.46948782801192,,,25.683455442007123,80.33912580091847,,,35.929729017979355,,,,,,,,,37.63159428032691,,,72.98333999077278,,54.6364516530461,,,13.281092833891208,,59.651165257428055,,,59.04359042686863,43.64493260581972,,65.56944208430369,,51.21879848963606,,,69.4864308168799,42.868283209893235,20.332777534433017,32.62720365606374,26.181634079736995,,,,,,,,,,,54.68858463806699,32.06275584055793,,36.95956593824676,,45.694939984038065,,,,,,,66.22292582303862,,,31.87979046360168,55.98413226144009,,,,,,,,16.53956279613829,34.807598641444585,,,73.23214378623442,45.24436353878777,,13.269641221459237,,,21.601870847798352,,,18.57363756058657,63.594898680538975,76.9370022198405,,30.884741369913495,,,,,,28.721579588984035,,,41.54262094773584,,46.477709683470046,64.39809193432849,,,,,,26.500923581816508,35.30784625711195,47.173301616475584,37.05051165516501,,21.236187817207345,41.72958502217462,,,,,,30.308877104025697,44.90183527726316,36.58653634772474,,,12.220593050579218,,,46.742056889435226,,,,,,49.11910948791695,,,,,,,59.158473465543,,,,,51.208126460347074,,,,,,,,,,48.55581483008808,,,51.55009708091026,,,63.4897701487241,18.032737566114495,59.23453138731331,,,,16.728755390453724,
"Cluster 3074Rv1737c, narK2, Nitrate/nitrite transporter NarK_2",,42.564260759271626,,-6.089344102928137,,,,1.1350460456073437,31.457592607488095,,,,,,55.60110239651409,20.79175760328491,,35.28777720170874,,12.586735527502874,8.640230424791605,62.99098728221276,,30.714042737598188,,,,41.73782128515257,38.8992927359144,,68.99833043547967,41.52429213503642,8.866441608248975,35.81671280353842,,61.402244369823485,5.374704360233248,,41.60299722962564,23.030628689309737,,37.92511106347032,,28.075939642024046,51.12459168923811,,,49.992539548609,26.58552742861871,,,,50.7332232295993,,,34.770154790720575,3.206554390156127,,6.551628989648087,,,36.845694951494735,,33.25117930691832,,31.57580002446613,,,,,,,,,,,,,,27.115090563947913,21.937151562294765,,75.024202425421,,,,,,,,,22.041153335384585,,,55.30993107606345,36.4779573072184,,,,,,,,,60.87755504566224,32.38978974093621,,42.14525038711155,,,47.7528376676247,,59.65206567791528,,27.141951198989435,21.14749233442831,,,63.87400452592476,,,,,,,,,,,,65.15394034503542,24.099063054836364,39.13901158764988,,,57.71551860197712,,,33.2569050837697,,68.56427946777096,,,52.95344008544051,,,,,,,52.7586935012636,,45.81051200963966,11.141935170689653,,59.02968342880947,,55.83060977323835,-1.5467802205677257,,,,29.23004801265015,,,65.44094988805081,,,,44.89523294982249,33.09546650547216,27.319841318158048,,41.73926078736901,22.43897623000466,49.87479025547533,,,,,34.71322266602777,,,,41.64411805426953,48.28994100368343,,,39.1406242315949,,,,,58.63053985830676,,78.5062202095779,,50.2996966414954,,38.074240357023136
"Cluster 6096Rv1031, kdpC, Potassium-transporting ATPase C chain (EC 3.6.3.12) (TC 3.A.3.7.1)_1",-24.4719083636016,-74.83844025468922,,-51.026602573675994,,-28.781648212617462,,,,,-34.878336107370075,,,,,,,,-56.61048556383052,-63.72468380402916,,-50.90001534054298,-82.37234523119564,-28.574434609456624,,,,,,,,,,,,,,,-37.97226439700027,,-45.37262884887024,,-22.28722755019659,-23.862419058930772,,-65.89843162288976,,-50.88908815639394,,-52.24980140551547,,,,-45.489784883708765,,,,-47.2649302333606,-18.80851970936133,-50.841238841462726,-32.668458194187465,,-35.358573024287935,,-33.30849400124868,-24.07250415911794,,,,-57.081575637317435,-49.30392941887927,,-36.56036674102607,-28.921950580471282,,,-38.97985309945061,-17.48467805060523,-29.251914879812688,-44.67542134626556,,,,,-25.43482294640717,-22.5233039651503,-78.96149873724828,,,,,-21.836471920320292,-37.232352081242695,-49.737009961380494,-74.28668013527324,,,,,,,-30.03589247290118,,-30.448222308091868,-26.435372264923163,-30.901547788959306,-46.131821789971596,,-66.14952099002613,,,,-26.204354463470228,,,,-50.48613202426076,,,,,,-9.874305012521926,-41.308801085440756,,,,,,,-24.603167346657454,,-40.42958338107683,-54.86909996563688,,-42.723825516233454,,-54.34469975348328,,-38.929336192595194,-53.474502446982385,-49.16634695604334,,,,,,-42.72571975736929,,,,,,,,,,-62.38100151113516,,,,,,-48.33518592048262,,-35.41185130356749,,,,,,0.0,-49.74608869540299,,,,,,-43.228898566903204,-20.338676967711297,,-24.662017160885682,,,,-40.663786778459844,,,,,,-57.973331454337156,,-28.062795807745292,-54.35892829569822,,,,,
"Cluster 1784Rv0861c, ercc3, DNA repair helicase_4",,,-12.398722305473449,,,,-55.771387324390915,-34.58076521824502,,13.722507946745022,-3.490076368445992,,-14.093982603808541,-3.6003498004653007,,-5.59665245700758,3.837058949131692,,,,,,-26.277565351770384,,-36.29447041209509,,,,-11.331877943992236,-37.426905176198275,-47.60973794124195,-3.522701345166016,,,-19.83296125209283,-28.189833356388885,,,-37.380581578491814,,-8.980094664237015,-9.008260356964874,,-3.82663956826853,,-29.827256006734995,0.0,-14.737524122964501,-35.99073348539894,,,-19.175779091885907,,-23.74004225320928,,,-29.368351883269703,0.26005474060636324,,-24.738999622742128,-10.532133073014782,-9.767928603406482,-16.978482745986714,,,,,,-34.595144091273184,,,,-20.253441531978336,,-9.698629251788244,-14.179842828700535,-17.223610493296533,-28.757681307388427,,,,,,,,,,,-19.521570414702147,,,,,,,-23.37758680184103,-45.72037579453892,-2.754261019179771,,-22.01525543109529,,-26.231849721380975,,,-31.7003256175253,,-32.548443415582035,-59.338501179271155,,-2.321865195000653,-5.209153708659705,12.663719065876645,-38.13971335140455,,-8.164249970145727,7.629524868240305,-43.3791469218091,-29.263858024617456,,-33.711615149331244,-7.569433352870908,-12.232022855695565,-10.68452077891249,-29.030198638996744,,-17.51363885804888,,-21.571210848844125,,,,,,,-13.685865113238481,-11.903718262450285,,-37.23079912262868,,,,,-3.683327064857601,,-22.139367170213365,,,-17.897298940228588,,-29.34515308651128,-12.85397288318068,-17.269113444281675,,,-33.95725026877985,,-48.22791319085668,-59.39269725966295,,,-22.31457630921415,,,,,-17.754432376674668,-43.78418619275176,-14.801185830961167,-13.044431868676988,,-12.405813376644087,,,,-57.29630156558664,,,-35.0656637708588,,,-43.08566275182788,,,-49.01314903270064,-8.983802558401441,,,-14.221838392190822,-13.987277730107843,,-9.339326551297379,,-17.196965652073864,,-54.04531398292123,-74.15387207865497,,,-45.17213216027212,
"Cluster 1209Rv0005, gyrB, DNA gyrase subunit B (EC 5.99.1.3)_4",,12.017035606370555,,51.67412069572248,12.218347241341943,15.906070125230677,1.4099315412984343,,,25.14369169274813,,,,,37.865452609425915,,9.316750101831893,,,,,,,,26.60416692027554,59.82189336609319,38.26857596702994,,,,,15.591430861651027,,,,,49.24896838513945,,,,36.81091819709922,,,,,,,12.291354245568156,,,,,49.69257476909201,,,,,,31.605245447296333,15.937686060019441,,,11.046365905992989,,32.85226725862315,,,50.20983549158505,,,18.437449004574866,,66.64461159897603,,,60.13068474384241,,,,,64.06643750044327,,,,,,,24.73739413796335,,,25.806746871782526,,,,46.58822048124871,65.42828182151695,61.629620300209886,,54.950880222875554,36.301804837634975,8.15043556986015,,37.67186935794534,35.60225623626582,15.153573041829793,,,64.42711928980465,44.49464901782321,24.57505091335314,,,,,,,,26.890945235454165,,,,27.66278996646183,,44.8722155063038,20.168268215996267,,,,12.221702366234464,40.6132946615936,,,,22.85887773812782,,,,,,,,,,,,59.52150722575443,,,,,,,29.1696805610187,36.19880290914192,,7.862529969809317,,,-4.816029743675061,,30.788146350307876,35.43591775888055,,,,,,,18.901773219625497,,,,3.7206192572161902,35.83248435602229,50.54450185983029,,,,,,,,,,,,41.92944172651127,,70.89143176473512,,,26.64315501358977,,,32.002043836814366,19.55059582723905,20.34569984585886,,51.802680976741605,
"Cluster 2336Rv1617, pykA, Pyruvate kinase (EC 2.7.1.40)_3",,,,,,,,,,,,,,,,88.10490710672723,19.058130938573136,,71.28950098281803,,,,,,67.48670568631253,,,,,,71.14016887642292,,,,,,70.74788141346178,43.67557280253297,66.54076922249597,,17.2430738183987,,,,28.663619217065893,,,,,,52.386535962245894,,63.42952817185899,,55.63863127468063,,,,,,,,,,,,45.75640574019024,,,,,,51.42280088366109,,56.14821419173362,,,,,72.3991992215956,,,,,,45.58431834731684,,,,,,,,,,,11.1853176583629,,15.420552893475971,,,,,,49.23427402688534,,,,83.88107564501482,68.33927701986443,,,,27.640054596226165,,,49.99873103108944,,37.68118106251463,,,,,,,,52.64074733572577,,34.226615854421624,,,,,,,52.29673669244328,,42.60670905379557,,,,,,,69.49511581026837,,,,,,61.64993894424033,,,,,,1.7450747405628013,,,,37.42412780839194,,,51.9560255281625,,,,46.29280788380228,,,,,,76.28471599479032,65.36918212095543,,,,,,,39.24987077212762,,,,,,70.56407278534493,,,60.75106333548676,,,,17.76385749167817,,,,,
"Cluster 3935Rv3171c, hpx, Non-heme haloperoxidase Hpx_4",,,,,,,,,,,67.14650447517504,,,28.113278207211188,,,61.77393960210394,,,,,,,,,,,,,,,,,44.310501227088054,,42.32787820744619,,,,,52.2154685268874,,,82.99466059469174,,40.72811268802445,,,33.49723602194174,,34.96376324091821,52.07904621430222,65.65175237491302,,,,,,,81.80002751450587,,,,48.18435505609192,,,,,22.547089662523796,,,,,,,,40.76554023014322,31.701242346313748,40.60294896789919,61.91833984971449,,,,,,,53.64049149568277,,51.729106074669794,70.4762375746466,,,,,,,16.78408690354379,,34.84604146789541,,,,,,,,44.03827775144132,,,,23.478692289799096,,,,,54.07684448563154,,,,,,71.6020221651566,,,,,,70.30988246125142,,,,,,,,58.34425158327664,30.45986031554115,44.459369656560696,,,,,,,,,,,,,,,,,,106.76889826693107,27.293825991925175,,42.888327247659,,,,,,,,,52.97578900628242,,52.54149979204107,,,24.431222445942467,,,,,,,32.60936503229724,,,,,44.553221223279174,,,,,38.22780008357194,59.14206668616452,,,,,,,,,52.15529787845644
"Cluster 4905Rv0091, mtn, 5'-methylthioadenosine nucleosidase (EC 3.2.2.16) @ S-adenosylhomocysteine nucleosidase (EC 3.2.2.9)_2",,,,,,,16.483671806322093,12.115259023331483,,,,,,56.40012831904682,,44.0764851695805,62.52012146473822,,,,,,22.59060639078851,,,54.59301580610592,,,,55.935611239472045,,,44.22817955550026,19.643227541109972,25.978584979258052,,,,54.21052006474688,,9.087841437325675,,,,,,,33.439970059861594,,,,,7.621473005208015,,,,,43.75223540383476,,,,5.408681430969285,,,27.14808384671807,,,26.12685240673222,29.424376517650213,,57.92587421435853,,,,,29.499247687807618,,,,8.565359076249413,,,9.939796778241925,41.15457088219766,,,,34.518209514408206,,,27.721702028938054,,,,,,48.520119826097314,83.67891295507845,,,,20.956716459266563,,11.216032821270609,,,,,,,,,25.11741600787924,,,,21.364403372884205,11.300687879358257,18.895420228460857,74.03921593950545,38.640786008112684,50.2607793896717,28.30312357634422,,,,,16.521865822164035,,20.81402666529049,,9.719318897842015,,,,,52.47556113762937,,,13.457068525411222,11.519564333871738,,,18.707559671981805,,,31.721064924113605,,41.83293596220509,,22.290435431767808,44.61389722044892,,,,,29.788618388270443,,,42.36767888196749,,,,,0.0258887386826413,,,,,,19.330409944996337,,,6.247910211566963,,,,,,,,,36.63176255159805,,24.06218172511723,44.09506010458103,,47.32915405797907,,6.970963712949255,,,29.315074433637502,,,57.795410202382016,26.853674362123737,,39.78228059359556,
"Cluster 4389Rv0427c, xthA, Exodeoxyribonuclease III (EC 3.1.11.2)_2",13.233041089141262,0.0,,,,,31.976534644759006,,,,,,9.261057652079892,,,36.1480858704736,,,,26.79597236880609,,,,,8.883680813503663,23.824323646873562,26.29387578915063,,,,55.42132158487997,,,,12.772119859367074,40.87781383656293,27.705220920240823,,21.078659174307603,,39.77617080250037,,,,,,15.112456660424153,,,32.94230223892755,,,31.452806809626647,,,,,,,19.683775913750633,,35.56087308896737,,,25.68908930384374,,20.586107166238712,,,42.5999357350919,,,,,41.43198778016229,,,,,9.913369115565498,16.95768580851855,41.60136644718525,,,-5.13082449664401,,,,,,26.801420452799643,,37.6086228842775,37.72838275877114,,,,,15.005783786355899,,8.297962956691084,31.262882815375427,31.141035849333257,13.403146497544855,22.664417230544856,,47.772038437790464,24.163294377928548,,,22.12563847915182,13.455038309509805,21.151156963876186,,26.593505230485277,,,,32.04760951056756,,47.69320910993252,-12.600913130575297,,,,,,41.3172858754615,,45.20123221297602,,44.62013865250636,18.59863832421196,,13.613782912210096,,,31.906168230966692,,41.543958965059126,18.56518271673934,,34.040817361175286,12.50900752132129,,24.325862662705685,,38.1555651895398,,,,42.678197881356965,,,,,,,,49.35131067509764,,1.6042663880634098,,43.835026424235565,,,,,,,,,,5.502069515350827,,13.403497534704012,,,-20.752545021089553,,,,,,,,12.311729606052332,,35.82339299185678,,,,30.620808118084305,,,,,21.763211106191022,16.3953900699296,
"Cluster 3682Rv3419c, gcp, N(6)-L-threonylcarbamoyladenine synthase (EC 2.3.1.234)_1",10.598502113449355,30.30577281075514,-16.124590615410654,,,12.888536411425184,,,,4.01842297687506,-2.1116828146447695,,,,-6.669850257502819,,,28.07156001217314,16.811473054223548,,,,24.692991721735588,19.182978248641508,,23.165833844649658,25.313496285005712,,,4.348935661373142,-8.245913384431296,,-23.901873653530128,25.075986365712335,-0.2551219313910207,,,,26.829596747151857,,-16.350616432827184,,,,-12.042481455307227,22.397062386628843,6.950419532770022,11.051415392601163,,,0.0,17.504280137029156,,,12.650231198526436,-2.182462563478445,,6.801664617895268,,,,28.52611046638724,,,,,,,21.305411702485394,0.7729725915833406,14.932901405053238,,44.2232673143961,,,,,-18.084517755644054,,15.235561505563,46.16546619647221,,41.069888089265106,18.109265073741284,,-6.426674634992247,,-5.954536775713046,21.357774660318228,-7.736889774382016,17.486739434277695,,,,,25.894958613014175,8.391461362090112,,,,,0.1954662856533076,,5.800252609861008,,37.03428015364568,0.0,,14.771136053679886,6.047858982049344,,,-41.66194654705848,5.024998758510814,24.633829378898614,,,22.715030927917933,33.7889089588289,13.554302427845407,,,,29.1403985908632,-5.0242565739915275,,,3.250389162484821,0.0,,42.18680215846048,1.0396062049474577,-2.4983746629822914,,,,,,51.98510221105309,,14.197603295775197,6.572929503235283,16.153837097798796,2.952573412261324,,-30.136341014911686,,,30.794226409629847,8.86899053603183,14.966353142138047,28.700593429807835,,,,,33.04871824150122,42.771555025974536,,,37.58907173694617,11.242398831896681,19.73193276785826,,,29.56977908465366,,23.127074071382594,,-24.566572096272306,24.61518038285073,,-3.335242964606871,24.58027863369721,29.93311223071055,,20.34962844778657,0.1245981437459025,0.0,,,,17.16319419558136,,19.824325718870455,,-9.864321443773214,16.216314022292263,4.508841519832161,11.866341775155604,15.69457332747415,2.029173113249896,7.804342587135744,8.163429269835262,11.06434357471081,7.630365396492063,,47.70371259539533,,45.307148146182534
"Cluster 4606Rv0625c, Rv0625c, putative membrane protein_3",,,,-26.026834155757452,22.776820535200528,-27.644536890692933,-9.024284621804497,,,-10.789911586445445,-25.846851707831167,,,,,,-18.118931219509076,,,-33.27248785406834,-5.863362724411435,-2.5680298198167395,,,,,,,-21.351160058497992,-34.1735724634757,-8.339034593428513,-24.018558696513473,-23.659410148228886,,,,,18.94330928363148,,,-32.041600416286094,-14.476753044077551,,-23.45212216977345,,,,19.070509108085226,-16.720645487004035,,-23.842017682009036,-44.3840339404311,-13.37263631444171,,-31.52391840919937,,,-11.28640633694966,-4.658015614227944,,,,,,,,0.44808270830251695,,-25.737239618665246,-43.56343764866011,-7.118415208195322,,-16.09298813035092,,,-1.3612771104381534,,,,-21.496349720425634,-20.7352988182364,,-21.355918276461615,,,-8.957998895209535,,,,-0.2155546914773947,-37.05805657473464,,-15.24773827448298,,,-14.667099718184101,-4.931690407409572,-27.719993639301254,-9.828161913081797,-29.513009136696997,-15.976983380766939,,-32.67259493929011,,-18.001836398558396,,,3.102346323358393,-6.742141291560246,,,,,,,,0.0,-33.455292071674165,-25.61057784117643,,,-26.465386498187023,,,-11.11893611706581,,4.799284791416111,3.3932178366405923,2.495536780174774,,,-10.190725921447463,-58.918371215365916,-35.71149615869511,,6.972160497332829,,,-29.916404955052403,,,-25.43218508245038,,-11.124358608772052,-42.87076643707118,,-14.770896426312689,,,,,,-53.65129841271846,,,,-19.922283436107005,-19.63190108734945,-41.547650172933125,-27.925099173423504,-9.493400615011746,,5.143115379347478,,,2.218650857279971,,,17.009915406252787,8.308724677277445,-25.957340923004868,,2.7764440457798827,,,-45.36690087200418,-30.79187459277824,-17.740219759016025,,,,,,,-21.473737282992275,,,,-53.764693443974394,,,-9.828298533809802,-16.79734647319389,-19.80196809580918,-2.8397695317894356,,-21.001158607907072,,,-54.07794532044498
"Cluster 1435Rv2930, fadD26, Long-chain fatty-acid-AMP ligase, Mycobacterial subgroup FadD26_3",-12.278925432809787,,-5.757455801345681,,,,11.96311466018403,-27.2307723153502,,-29.116755323521172,-26.22681706004653,,-5.20169817509957,-28.089555564049878,-28.457012965553243,,,,-6.3155322514502075,,,-9.25129874001528,,,,,,,,12.523963975158086,4.849958225967004,-6.520907669494352,,,-28.989531160550527,-28.41599868669291,,,,,-13.99367685337061,,,,-16.45031252124887,-14.456433414744994,,,,,6.647430322823203,-18.854158425035923,,,-15.6811563897693,,-15.24101418004813,,-53.21170615383832,-22.986638964278225,-10.584155998150106,-10.823329470328558,-21.608875446363175,-28.702306095120772,,,16.02081716269648,-36.71999803287044,-38.644210395981,-14.999563416541223,-12.667301944703455,,,6.301329108050353,12.64507656095218,,,,-13.241641490373786,,-32.5507657767405,-7.141775046489096,,,-30.315426692559562,-13.386613938826192,,-22.656087133427103,-7.773586105670468,,,-22.51715736278715,,-5.596799579450239,-9.578505421423067,-5.067719625485784,-21.853187285467378,-27.16656050549667,-46.01584098168708,6.186925656952893,,,-10.575406424403319,,0.0,2.0671048309010933,-4.652754892294934,,,,-10.612485841273582,,-27.978817186333405,-4.408404828392511,-24.71694677817274,,-27.099776205353567,-32.82086446067238,-4.144898112649471,,0.0,-32.98617692591319,-3.1141813471080773,,,6.879231048053263,-14.71167624280915,-49.79377409671604,,,-29.087364931975735,-49.69121451233288,,-11.153727563987546,,-28.77479393925443,-25.03418501737638,-5.829917644523447,,,,,,,-56.5631735338637,,,,17.34918084748116,-10.195514132441568,10.466876187442887,-0.7710667117219592,-0.6078347047927923,-5.492706143330184,,7.669653868134726,,,,,-53.33332903304072,-4.295457592002087,-3.019749729503448,,-6.667599862112273,-12.70236061607148,15.080436424955828,,-23.577449290856105,,0.0,,-44.10485176675959,,-12.012198381089638,-3.1095841007302,,,6.55693279383665,,,,2.268345866500712,0.0,7.949200830108444,-34.001799853885174,,,-2.7523039045881887,,-23.627312604830625,,,-23.529767328814906,,-26.05060105416555,,-9.703670608361733,-28.652777767700808,
"Cluster 3348Rv2454c, Rv2454c, 2-oxoglutarate oxidoreductase, beta subunit (EC 1.2.7.3)_4",,,-57.720879940610864,,,,,,-32.01498260003018,,,,-43.34320494795696,,,-48.381100796686006,,,,,,,,,,,,,,-41.2082953291857,,,,,,-54.47422088270241,,,,,,,-27.49976400656861,-50.01254624084218,,-8.657028749236078,,-120.52374988450893,,,,,,,,,,-31.730017361708768,,,,-79.49804271951476,,,,,-14.843166126515918,,,,-46.07659954016757,,,-16.858610728173637,-68.59927029548307,,,,-0.36282065424218046,,,,,,,,,,,,,,-13.962226853896892,,,,-41.25802567553808,,-25.501064063131803,,,,,-68.93357061408135,-49.967825398503386,,,,,,,,,,,,,,,,,,,,,,,-31.092402503650064,-43.279062306383125,,-25.097643506702248,,,-37.51113784182338,-20.332474344397987,,-36.26456771517227,,,,,,,,,,-49.072978084014956,,,,,,,,,,-53.20859099760351,,,,-24.99172881812999,,,,,-73.91712100721715,-46.82410292896945,-30.046283900101173,-31.09360400489964,-50.06774412083319,,,,,,,,-62.44125441188161,,-17.562973814151736,-20.67807569013371,-64.21892284731318,,,,,-51.97420725735171,-35.01268661099263,,,,,,,-19.131076136753013,,,,,
"Cluster 643Rv1293, lysA, Arginyl-tRNA synthetase (EC 6.1.1.19)_2",,,-11.194918017055484,,-14.217362670329926,,-44.97569842360793,,,,,,,,-26.208345143971446,,,-51.51074342453603,-39.101854083255944,,,-22.89791546301656,11.048488479018522,-12.347661257157228,,-18.998509855902082,,-15.9937606202586,,,,,-30.340503722047718,-1.490940977798406,,,-47.815062886565215,,,,,,,-15.593091361798054,,-49.22498055843977,,,,,,,,-33.56983974975433,,,-59.51754173130859,-44.7617281477304,,-37.295199031664055,,,-1.7549926651999923,,,,,,,,,,-45.09749521944609,,,,,,-53.29326227589558,,-66.02515419139073,-15.164407761009118,-23.601447341851536,,,,-26.630899335742807,,,,-49.52355252257195,,,-59.06305802750985,-48.12823046743479,,,-12.071320665362927,,,,,,,,,,-21.291390227261495,-24.806925029961963,,,-15.291783635840718,,,,,,,-61.45636062307063,,-40.85394602400803,,-12.76496850050053,,-28.64863675022502,,,,,,,,,,,,-32.827857046359014,,,-39.706531106016804,-39.68020068462031,,,,-23.6355094057406,-32.33282082659412,,,,,-97.69690124685542,,,,,,,,,6.74681944256535,,,24.032954098743595,,,-4.569307320751614,,,,,,-18.569936636447007,,-21.97149362089342,,,,,-44.15951865497479,,,,-42.13923603403425,,,,,,,,,,,,,,,-68.57211767404385,,-3.598922771801079
"Cluster 921Rv3664c, dppC, Dipeptide transport ATP-binding protein DppD (TC 3.A.1.5.2)_1",,,,,,,7.684697636537655,1.5335730087724677,35.58744602788225,26.568450346598055,23.122017974814327,,,19.768284425206847,4.328581534587005,,,4.402851239167958,,,7.8234530300763305,28.350424160319875,,,-1.7576363866156752,29.03464647700909,-14.249928025285994,38.27700247326401,,-1.5239447231857053,,,,-7.298713642181664,10.652045743980914,35.999862791985855,,2.0387326516500424,-2.7102488900553237,0.14847376489872954,,,,8.082759486197183,29.975890414713458,31.11620408953216,27.313961309947498,28.65397732261829,,,,0.0,43.05737992042414,,29.393296372078666,,46.084610502605145,,,9.275382280869138,,34.63347276419968,,2.7594298159626303,13.883016154060254,-0.17240561952433486,,17.819132463073633,,,17.19838791840118,,47.01778934465453,,0.975683954207808,,,1.4784737806353905,,,,0.0,,7.744872707631645,37.45398808516448,28.549125588273018,5.370922721873069,10.93818111764863,24.785504359942454,,,,,,-13.646823718443368,,0.38078587658132956,,,,,-14.192641483651165,,7.607809766504747,,15.79388938213231,14.578712952768075,21.661222794373735,,6.7672385429528195,0.0,,,1.488410357694307,23.408539769051263,,,,,,29.3020879826999,,5.765030277696924,20.88969533339494,,38.75628878635499,,23.48334905550644,,30.077498220434627,27.737513191599003,37.054270757994765,,10.478871048553954,,40.92549260190507,-5.722721636629896,,,,,,,2.605188353746448,,,,5.786931547837886,,,,,,22.73660989869221,-19.3901419996365,41.5086528160175,,,33.208878203484204,11.141081679609094,,16.730399955399456,-1.8751402170367073,30.171167288849364,6.469936849761027,,,46.65912912922898,33.5679431165605,7.604719657547851,,,,,,,,,25.109057337615766,20.91844474585786,,,,7.47249894886425,20.313942167574986,17.51646177350854,40.56663784038906,,,2.0524993071308106,14.041575032302145,35.33308449954666,,11.639034046816958,,,,,-3.1712965987968533,
"Cluster 896Rv1969, mce3D, MCE-family protein MceC_2",,,,,29.023299321763584,,16.527586655474277,,,,,,,,,4.658166277932251,,,,,,61.971183560694236,,,,77.69802596750961,,,,,,,,,,,,30.917248359224587,60.811726143323106,,,,,24.497444101817617,35.43170325635965,,,68.03014131273946,,,,,,,,26.064220474509327,,,,38.82841184784882,42.7095326006236,,,44.56555752797598,,47.970479496176644,30.659812333754903,,,,,3.4275572086749557,,,,,28.010738450516,43.07452689320455,,,,,,,,,,42.25147477291611,,,,,,,,,,,,,,,,,9.212865582333782,64.89357738273229,50.94698599304491,62.13516249214955,,,,,52.15802393091133,,,,,,32.374564673741645,,,,,,,,,,,,,,,,,,,,,,49.88190021587561,,,,,,,,,,,,,,,,,,,,,,,32.535991088679346,,,,,,,,39.83941214523653,,,,,,45.662091316952434,31.808282024362832,45.62058412826026,38.20197910934805,52.33475934389573,,,20.791562714488705,48.3736932571977,,,,,24.14846822932356,,,61.11938390510704,,36.975691336875734,,63.51238016293367,,
"Cluster 4459Rv0470c, pcaA, Cyclopropane-fatty-acyl-phospholipid synthase 1, CmaA1 (EC 2.1.1.79)_1",,,,,6.208910807404127,,45.79530531709014,10.206259282471079,,22.055639452774553,,,,31.730707801837827,31.898926079426275,21.289187028934503,,,,,,9.429009655757236,,,8.51865288184911,,-10.337628646962155,,,54.6680231745166,32.549483839369586,26.118996420323533,,,11.965242195553985,,,42.84872925780934,,,,,,14.216847800276836,-5.335689182640581,,,,8.173195421925557,,,,,59.158108287194324,14.490396106502788,,,10.998227224528854,,,29.380597841157154,,,,,,5.080287656207028,17.765521949329354,,,,,,1.0909713552794684,,42.06678264622483,,,,30.56805247633112,,19.604322614693558,12.215902898682693,,,,25.23358064913922,,,,,,,,,51.99637481646399,,,36.571018843382404,,10.396522823765327,,29.895354687426,12.625182204607416,-22.678296830778955,11.370312881962205,,,9.794725624482115,,32.924577833974865,,,,,8.73619697847703,,,20.35446144891546,,,,,48.34914946462231,,6.046820561580669,32.616712875589634,,,,43.36802841940101,5.598820646200262,0.0,5.59422315166412,18.381361278609766,,,,,28.699535326137777,,16.755182034633577,36.37365194349078,,,,,,,-4.524018047635888,16.384597153460334,25.23239098386186,18.384801557485165,,49.135194339481586,32.51711114913854,,,24.858702982855807,,,9.725838721990312,,30.24218357226348,10.029364415598861,21.482064946651587,18.780688110580133,,14.830623807652213,,14.055384460896535,24.512894268341416,15.710656764122495,,,45.15233143838387,,-3.770753376649938,14.138422962015833,,,-1.2249643631646108,,,1.7844789587408285,,7.769983321270517,,,,,,,19.00117526989802,,29.39119978504414,,,,
"Cluster 3188Rv3822, Rv3822, FIG01386146: Possible exported protein, Rv1184c_6",-2.0021352720386227,,2.0395785146079395,-31.775137037066912,,-14.053997146388788,-16.76011067317706,,0.0,,,,,0.0,,,-37.688520797460306,,13.079843684836545,,-12.885834762322238,,-17.561718225448153,-13.907552418163158,,-9.612263547647482,-18.881071122261567,,-18.771258418761104,-7.0779431791225305,-31.06935761884152,-26.560578807830016,23.46800073695035,-27.767812461629312,-23.277602780358745,,,-24.382783207865177,,,-29.406401582872054,,-3.681658571129709,-12.541833157066721,-18.985387327105705,33.793347296713605,-21.84844645186274,-2.3087387728528888,2.5982179869922364,,-32.75159318214962,-16.95298291160838,-4.696486655265119,,9.904488553964587,,14.511473531894595,,,5.853077182631946,,,,,,,-33.821860341430096,,,,,,-11.358398343517308,8.412974896039398,,-50.66464599096796,-44.567304401109865,6.768984633524786,-11.319266417209933,-53.70921025129966,-8.032013131750558,-16.323763642420342,,11.715155742656508,,,-14.101743289490319,,-3.177089126108666,-1.0356541052487396,,,-8.036770036360972,-11.707217529468828,-4.693622328277151,30.370045027289382,,-0.8813984280114927,-18.492016405654635,-18.281736758750885,10.206132374831943,-20.004337364099975,,,,-8.372583981704153,16.12391214714761,,,-11.486693040783644,-22.443651541497236,,-6.799344975831658,,,-1.940219950048676,,,-34.60449930273059,,-23.87042852559594,,-25.173549360322838,10.574909533158674,,,,,,,12.61495197629795,,-24.58494557853159,-51.200717078703,0.7405735031585181,,-13.938325855083633,-6.506315820168647,,-5.588925048768624,,,30.637824059055458,,,,-27.7374107427945,,,-3.088086699122489,,,,,-19.908937983018124,,,,,-26.419487530000612,,,-21.03218739989764,,,12.06318945890577,,-42.39215717312995,-6.674132687272515,,,,,,,,7.874271215907183,,-2.468776531863175,,,-19.01018763597203,,,,,9.629820387715819,,,13.908396510032182,,-29.396856553486053,,,-26.201614705685177,,,,,
"Cluster 5659Rv0475, hbhA, Iron-regulated heparin binding hemagglutinin HbhA (Adhesin)_3",-17.070207671278094,,,,-19.67496533322631,,-41.853557094164636,-15.904783704824261,,,,,-34.45469516649822,,,-50.42664760975149,-30.798902625620823,-8.0537281058844,,23.220562418336826,,-33.15835653330925,,,-21.39437428223098,-4.300523384709096,,,,-32.99052323544225,,-14.500776379615617,,,,,,,,-28.969061884579567,,,,,-20.621535421284893,-29.75497181604342,,-35.81064503661068,,-3.641452461424509,,-4.39251456329342,,12.50001921518273,,,-22.306145865359525,,,,2.9493054080845686,-39.37643603533587,-2.2712841518905447,-14.434199697701034,,-6.741307968042778,,,,,,,,,,,-11.660181548683177,,-35.74790718440984,,-18.86120215618077,,,,,,-28.782160074318007,,,-20.272786430717037,,,,,,-15.086133281716439,,-10.726485854728898,-52.524050672936276,,,,,-39.58562622897718,-37.35675582921936,-17.693742683124693,,-38.33192781723714,-22.821336323967635,-25.083436690228833,-26.84856366442886,,,-11.27615755618657,,,,,-29.560859491205612,,,,-1.5418240814246507,,4.344171135165717,,,,,,,,,,,-35.286273573681775,,-15.285639208670723,,,-8.614104963595494,,-18.132808531050838,,-10.47026410649823,,,,,-27.643627831694864,-50.79123102584302,-26.753448960384734,,,,-11.238300512063972,,3.298356743360969,,,,-20.167451910806093,,0.5654329736848578,,,,,,,,1.6998348444994558,,-11.809327208735967,,-27.49779017200869,-31.39789149279751,,,,,,,-35.706605857423035,-29.062380605523707,-7.849691063724935,,-28.46290345281481,,,-16.63143058812377,-13.35468620136895,,,,,,,-18.906607761979956,
"Cluster 2019Rv3484, cpsA, Cell envelope-associated transcriptional attenuator LytR-CpsA-Psr, subfamily A1 (as in PMID19099556)_5",19.4957019447494,,,,,,10.466603870127571,,,,,32.17768631443144,,37.83939135150649,,,,45.841927144101575,,,,,,,,,,,,,10.380827877470564,2.148566002490622,,,-0.7337584106069173,16.709635424425077,,11.20522901824872,,,57.35749003014041,36.191710914286695,,,,,,,,,,,20.326311218022663,,,,7.2190055600719205,,,28.605835406542617,,,,,44.129573266300724,,-1.1431781860920234,8.120873203534243,,,11.687984577856682,,40.433554150253855,,,39.521170822579876,,,,,,,,38.34517282815495,32.62988595164698,,,,,,,,,52.60079359365348,,,,39.38415272075742,6.428416399182997,,,,,,14.292451480155423,,46.729253656850716,,,,62.13865378638011,23.987631407684173,,34.34925833493753,,,25.92279957855668,5.2706644482456495,24.986970205259315,,,,,,12.766429131601772,,,,-11.083681884082623,28.92358838451202,27.313698029061328,,,,,,,,,,,,,,,33.0122621335823,,,41.53977734893527,19.345107098830052,,,2.7374343897885107,,33.71803749705919,27.276518034353153,,,12.718739200945892,,42.97214840700542,,,24.671223029418723,,,,20.114583690517975,4.606469192268877,,,,,46.4407775829105,,67.80087960623766,,,,,,,,14.553152757533445,,,,0.0,,42.02208751727186,,,,52.92031299358053,,,,,,
"Cluster 8291Rv3770A, Rv3770A, PROBABLE REMNANT OF A TRANSPOSASE_2",,,-20.791396712090062,-5.214115147050152,,,,,,,,,,-37.329747816232974,-16.46417111047634,,,-10.689793581783466,-24.442956365920672,,,,,,,,,,,-17.50518091113112,-36.076765980525444,,,,-23.615407076896773,-24.259657663833067,-36.94889373873842,,,,,,-6.672002527427359,-30.036877602059786,,,,-16.140850459397736,,,,,,,,,,-23.885069718416034,,,-60.79297173073403,-25.17139308474228,,,,,,-26.092266505138287,-39.74331548838593,,,,-41.829478266269675,-27.080980042618858,,,,,,,,,-13.645238907934994,-35.30406491770882,,,,,,,,,,,-31.66855499205964,-43.49441465568175,-28.01762215434598,,,,,-26.29328640992972,-37.414800036885566,,,-48.41378674558359,-14.515726291121274,,,,-42.29553118832354,,,,-42.69817716665424,,-15.496396146706784,,,,,8.509009943068394,,-23.84039265288689,,,,,,,-50.175612774553116,,,,,,,,,-47.12845356390041,,,,,,,-0.9116157874389517,,-45.093807177048774,,-87.55303327070062,,,,,,,,,,,-30.89814863520222,,,,,,-33.00985744596407,,,,,-17.48060758250531,,,,,,,,,,-17.1423534285774,,,,,,,,,-37.907785279794055,,,,-47.74198986750904,,,-26.377232782833836,
"Cluster 1645Rv1620c, cydC, Transport ATP-binding protein CydC_3",,-16.666541884199706,0.5342978526445846,,,,,,,17.514750877395034,13.801152938988707,-3.2837328262827326,4.234606413039854,,,,,,,-10.59873487541036,-1.948791163089623,6.923272221138263,,,5.784583597711132,,20.337232937354138,-32.20268179187867,,37.79697379789166,,16.502473233081453,,11.029963546368837,,-10.56002999080269,,41.713115434161125,23.696135026116306,4.408058431109713,,,,,,,13.851212899369987,,,24.6850593960165,,36.51497804890191,3.7873589918190893,-20.226184978584882,-1.4676842756141506,,,19.689956237181796,-10.748307853648454,-9.959321888985496,,24.864234537217285,,1.4178983945773749,24.93034375460352,,-9.58272442685002,28.72627161672214,,28.47723280728367,11.944226109946623,,9.559984788441154,19.43211102476589,,15.082138935102334,,,17.87073969254794,14.120504588118461,71.93728528866079,16.965393022841226,,,,,,-10.847958263358565,,,,-1.0613622978635493,,,5.767686238721341,18.952655061333598,18.30664953110888,,,21.48530419648593,,,,,,20.706799301912685,31.627053212369763,12.502255533101886,,,,,,-16.257291969239038,11.181178630856882,,,-13.093966090736927,9.443605794214188,,-8.592303500990454,-1.861037826437908,,1.5084581427607229,,,28.71801945127668,,-2.095487017927029,,,,13.698358055212934,44.858503612929404,,,,3.6009640968380787,,4.884112796422654,,,,,3.4136161302757637,,,28.103931588363828,,,24.04944057388591,29.629644102632827,1.7338163410372078,,10.859872878734821,,,-15.7119609955284,,,43.813117018199186,,,19.711231041865187,-1.2242482805333945,,9.338501717119797,20.141832671709533,,,,,-14.280149936963914,,-18.553706968654932,-16.703113467618923,,16.7865414565001,,-6.019425288994304,,,,11.676426181884874,,-8.165549593794815,,,18.926280264474723,,,,-14.83551945174242,,,,,21.101779784533377,5.859387822857286,-8.778110633640088
"Cluster 2433Rv2089c, pepE, Probable dipeptidase PepE (EC 3.4.13.-)_7",,,,-0.6615103594802181,-44.05757867456429,-21.833398093055667,,,,,,,,,,,,0.5341852736142484,,-52.07001137782618,,,,,,,15.616143260176003,-44.041886433579194,-4.5243064935770665,,-10.694118073612506,21.5758327975082,,,-57.1231657343842,,-46.86243855128415,,,-4.891946670313664,,,-16.838012548454895,,,,,,-6.059700647163482,,,,,,,,-11.489306159660176,-52.5224088578304,-27.823809516087962,,,,,,,,,,,,,,,,,,,,,,,,,,,,-45.08352287414941,-32.10566726553079,,,,,,,,,,,,,,,,,,,-35.74204838257086,,,,,,,,,,,,-16.52616963722427,,,16.278835986835404,,,,-4.530720897943188,-31.360312735185374,-48.06681051065757,,-34.12925582279515,,,-20.43742678042663,-11.186653132213483,,,-9.17548318860916,,-16.06865856715918,-31.403869909209906,,,-42.0109445459192,-47.58728042783191,,,,,,,,,-21.602930661335648,,9.398163009478546,,-14.874852900831302,,-32.44804435131189,,-14.69465240263958,-30.257415377275656,-20.700257382582404,-19.67164406735816,,,-63.004501683377065,-2.338728255692412,-38.68156363955397,,,,,,,-32.52239037155793,,-44.682485332091446,,,,,,,-10.857274557337155,,-22.176670350768013,,-36.25482952341269,-7.6938888003186925,,,6.80240784278451,-23.189184539468844,,,,,,-32.937825713103955
"Cluster 3010Rv2338c, moeW, Molybdopterin biosynthesis protein MoeW_2",14.321926784435867,,,,,-14.347739741171313,11.077352963566874,33.45616860637213,,14.574741905201147,3.9787976935415825,,,9.593022840367139,,-37.304103770220294,,11.191302905338784,-2.3862258103935914,,,,,-3.571576439613245,,,,,,23.02750143472239,7.6571823473836975,29.747659433790805,,3.706916919152852,,,-16.794431959447245,,,,-3.8486831898531393,,,,23.32034569738497,13.130117085631728,6.022805645996514,19.611758141988037,-13.933503987448757,,9.772997448700881,8.885326635545301,10.820581788467692,,,,-3.410330328134144,12.795276889042434,,,-1.298322726618193,5.732453019359434,,6.6311227456254285,,,,0.0,-7.39286514356826,-7.231988351398505,9.73455796963101,28.1827476695001,-4.356761048890574,-10.878093190306158,0.6318116629385278,-8.093585475106064,,,,,-4.3508389441191255,17.559816214591283,,-11.893540712212694,,,,,,,,29.114516893951542,,5.91543529188786,,5.283083892637693,,,,-9.908392397253005,,16.056641475974864,,,,,7.188724614381993,13.616962455248126,-8.19182548647345,5.431787547956823,18.406916772678702,34.67784423174567,,34.43785899014838,,,,,,,39.65761598707562,11.132691712266237,31.420857412362984,,,,,,,4.934752319332583,20.624821471791844,,39.670260204515735,,,,-3.315569031793867,34.13175006167529,,-19.866868930640518,,,,,,,,,-38.5783888962651,,39.81738170495271,10.648787003462525,18.052311820041517,,31.951012617852815,27.27857622260572,,,5.793028134750482,,,,0.0,,,35.13898263367509,33.39888933762306,-35.14352700866687,30.825307507479078,,,,,,5.78360867275051,12.051193293876905,45.558867801271894,,-1.9176880475625897,,,,,19.384530337664852,-1.3602553778859492,-9.819395701805584,,6.7649416035909455,,10.874424761396739,5.774356126318308,,17.30931364175846,,-6.858964913446772,,,,7.804089979862543,-26.836534062309543
"Cluster 2019Rv3484, cpsA, Cell envelope-associated transcriptional attenuator LytR-CpsA-Psr, subfamily A1 (as in PMID19099556)_1",-27.45810642752586,,-11.70426713323208,,,,-10.140870234994155,,,,,,,-33.695757564211505,,,,,-13.591208541930339,,,,-43.95528451539633,,,,,,,,,,,,-83.17551889479326,,,,-54.83048580387807,,,-5.823830137516504,,,,,,,,-51.56924689059229,,,,,,,,,,-22.78775107734164,-29.92094782215956,,,-43.31732171556716,,,,-41.695148087159055,,,-17.690002181921468,,-7.968591536908909,,-61.1814709358652,-32.42004758421974,,,,,,,,,,,,-5.528332273789855,,,-20.89819230543154,,,-23.063800285438834,,,,-18.25484208414787,10.114975508046442,,,,,,-8.909696806542703,,-24.2081113012559,,,,,-4.365015451646123,,,,,,-33.57161570766161,,,,,,,-42.855363416909185,,,,-22.8008393027872,-62.59724479686678,,,,,,,,,,,,,-36.709967246281934,,,-19.991338023869726,,-23.556917268785437,13.624599113147026,,,,-41.1239212912211,,-0.900786969616749,-25.822656482657113,,-49.914454544562844,-41.801145899483764,,,-25.55989386878435,,5.62101546146888,,,,-7.611847571469804,,-22.89409123794931,-38.755291456275806,,,7.876413500671251,,,,,,,,,-26.18856891803968,,,,,-18.63675297074576,-36.599552863526995,-45.50084730851497,,,,,,,,,,
"Cluster 7596Rv3760, Rv3760, putative membrane protein_1",-13.66820680476398,0.0,18.662136557732317,,,,16.9744605161358,,,,,,13.284258988475086,,,,,,,-11.876052153995804,,,11.730565582819727,,-1.99909674440489,,14.109275633470542,10.47268447515,,-11.01597446803835,-5.5516441516088255,,20.127709635805953,,13.426215896953927,3.6456676472939433,,21.039131701222974,,,,34.966049795279645,,10.994592978748708,-2.130781117262453,-6.205002815229083,9.457402064142112,7.666797432662827,,-1.224563537005882,,,7.370903734098939,16.295502792014272,9.097813825445987,0.0,,,,,15.047667787222899,,,,37.37962356165194,19.695534298523125,,,,,,8.864468920185733,,,17.257377235057486,,21.629262645413213,-5.716312204009447,-1.5845889570308214,15.990267640253858,37.23559317385913,,,0.0,-4.936411050628457,-6.615816870360357,,10.813589786909686,0.0,,19.19653191387542,,37.769969662987734,,24.909194241242222,30.38282404330123,,,,36.49559720257982,7.436897723587988,-15.292679505042035,26.674093733792073,,-19.958033296075048,-3.7966980441362614,4.10177482542564,1.3591074784312116,,,,15.927370226695112,,9.706088326151658,-9.561863857090263,,-0.7648875143761841,,24.688770853736507,5.48947624737658,,15.652519805114231,18.080471345049546,-8.999732178166015,-0.500082666269755,15.848538987186169,,,,,,,,-5.691572746085189,19.467509146922584,-8.724818072729173,,-14.275851620808325,,,,-3.6750398543813074,29.37965536046028,,,,31.812292470899994,18.029255757113976,,-3.8654057048486967,14.66101289656718,,15.150986509462525,,34.90769308353807,,27.375800869255027,9.160008048722334,,,,,,,,,,,,11.113624822272223,-3.900961660270024,,11.732526798094591,,16.514006133769154,14.057739999503466,9.717343055681962,11.407978987675179,,,20.578345333801487,35.10174135641144,,,3.4829768741014764,,,-9.08031416612666,20.89421359574327,-1.7480493824183898,6.0384411805576725,,10.564767717942965,6.135013362227477,9.140799472496077,7.330107521767521,,34.610266942496565,6.9702766471067275,
"Cluster 103Rv2946c, pks1, Polyketide synthase_18",,25.746145631181395,,,,,,,23.121647112625936,70.66626271291346,,,,,34.07445956814126,,,,43.04055292218201,,,,24.906302884239814,,17.858731319028124,,,,,,,,,,,,58.46380645478644,,,,,,,,,,,,59.846481481889455,,,,62.64700750406142,,,14.302694284104712,,,,41.4258134203531,,,,23.029225137449608,17.52135809994006,,,25.512381901365874,,,31.86682306745708,,,,,,,,,,,,,,,29.000114633387454,,,,,37.12140410100303,,,,65.90220201097046,,0.0,,23.764497789913435,,,,,,,,,,,,,,,,,,49.365394781977294,0.0,,,,9.995331570306284,,,13.3590595877256,,22.57751119993857,,,,7.075665778802922,43.138586658623645,,,,,,,,,,,31.829451243986153,38.69336416675737,21.036494101619873,,,,,,,,,,,,,0.0,,4.265481199485683,44.71963048824197,,28.557992483328363,48.79871059147421,25.87074552647939,,,,,,,,10.2753066229535,,18.828878858659607,,,,50.0692006224911,,,,,,-7.404679601538944,25.85103260424941,,,,,,14.973629744757195,,,,,56.13492509075206,,,
"Cluster 3652Rv2854, Rv2854, Lysophospholipase (EC 3.1.1.5)_5",,,,-42.64521011390136,-32.2480149991378,,-68.20690641337126,,,-59.946109839075845,,,,,,,,-17.193508239853692,,,,,,,,,-52.237882389465895,,,,,-36.05810493453172,,-64.01434763664957,,,,-57.13065116136707,,,,,-7.646052896576385,,,,,,,,,-51.899603647451684,,,,,,,,,,,,,-15.684278282614613,,,,,-22.224552556445488,,,,,,,,,,,-54.7584826690706,,,-41.22190914541825,,,-51.3214955525889,-45.65516539359426,,,,,,-13.699387372368525,-8.891743551236646,,,,,,,,,,,,,,,,,,,,,,-36.148888570844086,,,,,-41.490666303964844,,,,,-40.99730064043295,,,,,,,,,,,,-9.652806849006964,,,,,-54.6884533909625,,,,-32.56603163002255,,,,,,,-39.96027718077561,-40.403189187701614,,,,-21.187947665235324,,-31.78072529573151,-51.1745243973472,,,,,,,,,,-55.64198501378136,,,,,,,,,,,,,,,,,,,,-26.488626810863803,,,9.20925553091481,-52.82873016586844,,,
"Cluster 7596Rv3760, Rv3760, putative membrane protein_2",,,6.091141140914485,0.0,,,6.766659931105309,-14.257430005828697,-9.393359520245635,,,,-6.203015470192464,-14.539800907472559,,,,12.276312150724145,,,,,23.465741248099583,,24.742679757756378,,10.57712028747513,3.4908821154374596,,21.406646741761023,,,6.58498016290438,,-15.170614194547504,-15.75968747044454,,-3.4171807250156143,,8.192806762066972,,16.17935000965173,,16.625906620537826,-7.589588533147389,22.40289630476746,0.7370508935548805,-2.4923966580925256,,24.63550880167102,,,-4.086359279250828,16.24926140496422,11.463361255166632,6.802370049331313,,,,-50.19153226758362,27.16843418786074,,,,-3.8808722790139942,19.05904621490795,8.166012517342576,,,,,4.814415831531359,-52.2653172572443,,26.601857999393744,,0.0,-10.015855128039478,-3.8673251146262766,8.86518880766474,-32.169665930162026,,,17.260322228718707,-1.1550351404717634,0.21767306567355793,,,-2.4526239619728494,,17.002811532521097,,28.381118094817772,,,-10.246798123055047,,,,-9.016611772816029,-0.25146581782877553,,-8.273728427872813,-4.624602106180963,,9.323497141782733,-3.527060118838978,12.42335551213937,,-7.176632692141868,-2.84972525179026,,,-6.631055345841649,-4.607206426554878,,18.226624566755305,14.401122459018305,-20.941149406630394,-0.10695063898768331,,3.5718678283202845,,23.627171259383037,-13.854144883285326,-2.3750677820161203,,,,,,,,15.75509406128035,22.995868478204706,4.955921787690038,,15.176114853981884,,,-21.12143401115551,7.650318439055277,17.300078642038404,,,,0.0,-0.07761996283334816,,-0.008708060720099997,-3.843062362459203,,-8.297978566894347,,28.715121088114476,,-0.9360683963658929,-7.84671091738594,-40.54949045748775,,,,,,,,,,,-13.429252302637327,-18.160734193803904,,0.0,,7.496402425243417,-19.886346438313797,7.2665574750522826,-22.20301847752067,,,11.449135243942369,6.13337398803453,,,,-34.12477073179418,0.0,8.940121722391362,9.505125693105718,15.937078172867006,5.191059803178188,,9.576296865287109,-18.756074250013707,26.28354352583108,-2.4000800003359437,,-12.527535376988554,12.224065929291529,
"Cluster 3969Rv0377, Rv0377, Transcription regulator in CO-DH cluster_3",,,,,0.0,,,,,,,,,,,,,-11.795116040254287,-40.6366550549178,,,,,,,-9.799258425413225,,,,-42.60964043136256,-18.781090227501515,,-39.86696465702329,,-29.79309124765745,,,-7.617113677662437,,,,,-23.289783407165928,,,,,,,,,,,,,,-34.53538662446619,,,,-26.080498726760098,,,,,,,-22.535363939768736,,,,-24.52220194876829,,,-26.780773736204207,-22.183462780122518,-37.474815334928216,,-36.12296976888081,,-7.051753281674939,,-22.601031454419207,,,,,,-29.929959654540955,-6.58278071436876,-28.531277277056933,,,-14.571602748136895,-58.2252948451066,-56.109066928706426,,,,-29.35767305318923,4.024610979732236,,,,,-15.545452099371282,,-51.18187531530275,,,,,,,,,,,,,,-4.627784092161816,,,,,,-22.132212732265735,,,,,,,,-24.336553856936472,,,,,,,,,,,,-25.690419715259203,,-6.7227408293164945,,,,-5.008976210737706,,,,,,,,,,,,,,,,,,,,,-79.98797629816293,,-50.82021046665372,,-18.146910827640664,,-3.58375606483736,-49.31766648168711,,,,,,,,,,-39.71486933751995,,,,-32.19152391664148,-0.3577422348647282,-23.950811870132164,-58.74088959750316,-35.42931153302769
"Cluster 2642Rv3899c, Rv3899c, Vegetative cell wall protein gp1 precursor_5",,,,-28.561132976361005,,,,-52.47530274227692,,,,,,,,,,,,,,,,-9.765947698079955,,-32.159031526561215,,,,,,-34.5656799224739,-33.106870778727924,-32.38530473856388,-90.38828358853162,,,-63.387908876634455,,,,-53.307896005846466,,,,,,,,,,,,,,,,,,,,,,,,,,-39.09141626310217,,,,-60.08204410737115,,,,,,,,,-41.37969843279844,,,,,,,,,-52.1119258985088,,,,,,,,,,,,,,,,,,,-56.46366411839357,-60.72101366581274,-46.089162523052806,,-21.127664815509288,,,,,,,,,,,,-47.28332454276444,,,,,,-27.744989356912612,,,,,,,,,,,,,,,,,,-12.055022862080131,,,,,,,,,,,,,,-73.75400485971174,,,-56.60953890784967,,,,,,,,,,,,,,,,-61.95298782403794,-51.757605387865105,,,,,,,,-44.95445773602247,-49.62793204377081,,,,,,,,
"Cluster 8291Rv3770A, Rv3770A, PROBABLE REMNANT OF A TRANSPOSASE_1",,,35.9711442148984,10.670888122132336,,,,,,,,,,31.878468622732953,7.965291161723125,,,25.45456515754869,34.129042766991596,,,,,,,,,,,34.91137934931613,31.894832535461227,,,,18.704413737102694,12.145637840682465,33.493233803768646,,,,,,37.5111033785592,,,,,12.589913425124458,,,,,,,,,,13.608572100543118,,,,20.058174414903554,,,,,,19.54819403011098,53.774386420848245,,,,38.69541579662462,37.31989120101384,,,,,,,,,0.5000520568642977,53.074375137582784,,,,,,,,,,,27.345897035544454,46.308770138207144,31.238166728280646,,,,,10.628251786214607,33.21132568673275,,,32.19456633746619,20.63250312937281,,,,37.73023271354645,,,,27.229193709736307,,43.47818881640464,,,,,-1.4063980797802298,,40.782555751248005,,,,,,,60.61607199495549,,,,,,,,,,,,,,,,15.393140915012781,,,,,,,,,,,,,,,22.706447698435667,,,,,,50.821139051038045,,,,,9.650090912664686,,,,,,,,,,22.818057826852666,,,,,,,,,21.15261917971067,,,,34.91177420745202,,,35.375069384370654,
"Cluster 4855Rv1857, modA, Molybdenum ABC transporter, periplasmic molybdenum-binding protein ModA (TC 3.A.1.8.1)_3",,,,-22.207127903473943,,,,,,,,,,,,,,,,,,-41.62972047439147,-6.726242679972691,,-29.907334639482453,-37.67409602389884,,,,,,,,,-29.155145127602598,,,-35.19773581270459,-37.6750889631521,-24.97482221598281,,,,,,-13.902502522348943,,,,,,,-33.24214938013919,,,,,,-31.17914868699554,,,,,,-33.25637162535834,,,,-13.784142586081202,,,,,-26.89458868896714,-20.517759714871552,,-10.830693014645341,,,-13.575768476070214,,,,,,,,,,-30.84959091903037,,,,,,,,,-36.14409215262703,,,,,,-46.77595453524661,-46.25831446930878,,,-59.877677910202046,,,,,,,,,,,,,,,,,,,,,,,,,,,,,,-26.055494397784294,,,-37.47624760863503,-23.264719949754117,,-46.89145189930237,,-36.63194916573306,,,-41.18293529774816,,,,,-30.786245276346143,,,,,,-64.78123720512527,,,-16.147167840810877,,,,-11.38635502509587,,-2.3754299029952413,,,,,,,,,,,-33.82260028603291,,-23.386007865243702,,,,-45.566908294602676,,,,-28.380101970312342,-39.037876455762365,,,,,,,,
"Cluster 4423Rv2937, drrB, ATP-dependent efflux pump essential for phthiocerol dimycocerosates translocation, integral membrane protein DrrB-like_3",31.12252308002986,,13.029301034462721,,,7.166808959433554,27.797742489185826,-13.185186959279966,,-27.640542739814737,9.035290711560048,,,16.86641056102375,,34.18019312636783,,,16.47182351963892,,,,44.91777043958883,,,,,,,18.766599357943896,,,,-13.47965532130901,-0.3372722322113263,,,,,,-8.718479601956666,,,,,,,13.065258190727702,,,16.111413488126573,,9.369198961043558,,,,,,,,,,,,,,,-14.112004946048048,,,-9.236468167431422,12.447536123302527,10.099298259340676,2.764756075939853,,,,,19.971024463958866,,-13.08258964053339,15.605814081231639,,,,,48.41315256692712,,7.300004468077756,,,,,,,-3.8575588319569105,18.111983500739136,,,,,17.327029154054898,,12.24460994263256,5.260944676011857,,,,,,,37.909249361615174,,26.538908225536467,,4.949001348262733,,36.42658263458449,,,21.900350997244733,,17.821460001275515,,,,,,,,21.821085668490028,-17.45487563053727,,-5.565423136580917,,,,3.767075207583498,,,,,38.87877108672312,,,,28.873919934527123,14.629973741774307,,-16.778958480423647,-14.159143372728655,,-6.9026994057594,38.196576711457155,,7.163798073718737,,,-8.442897392676583,,,,,,20.391825838461074,35.832328877392825,15.554325808370361,,-2.2270054053860275,,29.924639855979127,,,,54.42309039801522,,,-21.9450343308818,4.253061154930206,,,,,,,,,12.288060196371339,,-9.090222727557608,,,44.38045650349028,-25.871382417519076,,7.289713674456838,,,,
"Cluster 3188Rv3822, Rv3822, FIG01386146: Possible exported protein, Rv1184c_1",,6.281205413178332,37.28786391117951,14.738544374767178,,47.64170864785038,0.47361691208918866,,0.5656647624847823,14.652730617623094,,,,-8.345390337864814,,,-19.003111915366247,,,20.40797712248851,,,,23.68807729216858,,,,,23.458467442394802,14.550913156772095,-7.07385800905342,,-0.09465736764296806,3.3384712485519037,-23.745984227833688,65.66266525186087,0.14203182772954848,7.633642088260209,,,-21.944541498457614,,25.299546748730506,4.245150582295742,-26.624189044693185,17.811860693089642,,0.0,,14.207567093752537,,-6.789725828288016,,,,,,,,,,5.41633820144427,,,,,,,,,,,,36.228568210215734,,46.61140078169441,,-0.1374359031065422,,,21.77553679243071,,,10.431199606602673,,,,,21.33938335206437,-10.353556906496905,29.062584488792425,,,,,-19.058569131237526,35.15694992518856,34.98608731508712,25.336768091085887,,,,,,,-18.19930453170733,27.70035417797052,,,20.105028919314197,-17.482458144393092,,,,,,,,,,,-17.14530852733099,0.0,-18.27274046198362,,3.5144897358954372,,32.44227127776066,20.196791821184963,,,,13.328206330387804,30.232237319774214,,,,,,,,,10.247248823011219,,13.123020978295273,,,,,,-4.264056677985798,,,,,,,,,27.646317275003057,,6.528079337179194,,,,,,19.69835286595232,,,,34.88852691641507,,,,,,,,,,15.821665038832238,21.052469196110714,,,,,16.280643517957543,,,,35.92375656736193,-1.377620802398579,,,,,,,
"Cluster 3728Rv0139, Rv0139, NAD(P)-dependent steroid dehydrogenase_3",,,-6.42781725527984,,-1.843125648861284,,-28.915678020853097,,17.020329774365383,,,,,,-10.771757050885494,,-10.017140674632861,,,,,0.0,,-21.014066269079066,,-19.38058094675443,,-3.928928627724127,,,,,,-3.4059473398206603,,,,,,,,,,10.922643935154015,,-25.898149721360816,,,-53.654358350363346,,,,,27.926049215363278,,-10.048320642701757,,,,-7.365127632408008,,-50.04559636006872,,,,,,,,-2.268216011056464,,-46.039041365964934,,,,,,2.5974893787837727,,,-83.69281691210263,-10.560434700936959,-18.851035735417,,,,3.91392445748725,-30.594575334742558,,,,,,,,-63.19767566157299,,6.338201533276679,-4.980835731293936,,,,-77.39500704494404,,,,,-29.208625947751912,-6.956145389586217,,,,,,,,,1.7882006483478055,-4.589604938203056,,,,,,,,,-1.8645912222880423,,,,,,-65.57527560510144,,,,,,-15.441773533248446,-20.114149915081015,,,,-26.109973217695636,,,,-25.644478900965623,,-30.53077010053964,,,-56.88711798253882,,,,,,-36.96343955437502,,-34.80898629408566,-9.050501704522578,,,-18.21705679567063,,,,,,-14.842766464793021,,-26.124793620284294,,-15.262451002224465,,,11.00954481889462,,-39.97556711723219,,,,,,,,,,,,,,,,,-23.853115394971358,,-2.21973919882348
"Cluster 1029Rv3198c, uvrD2, ATP-dependent DNA helicase UvrD/PcrA, actinomycete paralog_6",,,,,,-86.5226411678737,,,,,,,-25.91487779552381,,-40.52866317160462,,-0.231427190940396,,-24.45235528104186,,,,,,-37.27795515279789,,,,,,,,,,,,,-47.14284706351816,,,,-37.344207940520654,,,,-45.01845577979036,,,,,,,,,,,,,,,,,,,,,,,,,,,,,-21.104168294120488,,,,,,,,,,,,-43.41761953786413,,,,-53.02632328489311,,,,,,-49.86918167888366,,,,,,,,,,,,,,-50.023975054356434,,,,,,,,,,,,,-77.86771305200935,-16.260127178808922,,,-25.20557981488371,,-22.31053023751939,,,,,-31.6131018015883,,,,,,,,,,,,,,-68.13136670013945,,,,,,,,,,-49.73682537937194,,,,,,,,-40.19490322429115,-58.40221988942385,,-16.063200206159767,,,,,,,,,-50.140698648657626,,,,,,,,,,,-30.142082409591673,-25.50377815815507,,,,-4.2761752702066325,,,,-44.97170570665538,-15.888955565800918
"Cluster 5910Rv1911c, lppC, Phosphatidylethanolamine-binding protein_5",,46.620258411513156,,,,,,-9.52202583750749,,,,,,,,-3.2626121128461825,,-8.305525035879729,,,,,,-6.869058414595889,,-3.9322305412118856,7.8504123598497015,8.340786197156469,,11.751743789548005,,,24.7717530221511,5.508672987485132,,-8.31425711548421,,,,,,20.84788915114715,,,,,,,48.17924609398331,,,,,,,,,,13.942166938987926,,,,11.690042175914506,,,,,,41.7794369920269,,23.191645084141154,,24.963735026777883,,5.705294559643913,,,,,22.442604037659695,,-33.036502802116686,,,,,14.632399711441858,,,30.218716412078695,,,,,,21.045097005420946,5.650947156966008,,,,,,,22.617048850337376,10.439734730738191,,,,0.14114171845821633,-10.180890420566634,,,,,,,25.92115000510197,,-6.479683806888454,,,,,,19.258713496172327,,,,,26.635896695745174,8.050469479072955,,17.81453357137291,,,,,,3.4363540272086404,18.66153048172052,,,-23.141433148407938,2.3999152236788404,,,,35.96564566725891,,,,,-4.620005282410822,6.3779640231010735,21.149267551351958,,-2.5135349059339003,,-0.6418757961088906,2.8765472019361678,,19.95766973381067,-5.700118997005194,,0.0,0.0,,42.066446630288006,,48.50745531971427,,,27.79940817376773,-30.919964443783226,7.92462976705778,,,38.244903806853976,,,29.415450595877072,49.10527247127598,7.34258556481246,38.21558728119612,-13.819842556341355,,,32.005369051208476,,,,-0.6986030239945749,,,,5.062027513087055,,,,
"Cluster 4273Rv2579, dhaA, Haloalkane dehalogenase (EC 3.8.1.5)_5",-17.887673789682257,,,-64.9803616519582,-1.5708043555779003,,,,,,,,,,,,,,,-11.020632435799312,,-26.199562020199387,,,,0.0,,17.722389754396602,,,,,,,,,,,,-29.185476960244074,,,-24.251917073769462,,,,,9.03699212829858,-39.101558782060884,,,,-72.56356329354024,-32.53142593024216,,,,-30.86356432240298,,,,,,,,,,,-27.744704685174963,-26.56359473613847,,,-1.7063843439024824,-16.144163019308717,,,,-17.432338666184847,,-22.603164743731682,,-15.996433572549753,-10.646974207833395,,,,0.0,,,,,,9.952232900762246,,,-52.4589792109422,-39.14935462274324,,,,,,,,-35.579850009415665,,,,,,,,,,,,,,,,,,,-54.33022514923674,,,,-38.214503521848854,21.199433871245763,,-44.39210660834974,,,,,,,,,,-13.38549947933889,,,,,,,-40.03689381910396,,,,-39.982567757414465,,,,,,,,,,,,,-17.341514432402768,,,,,,,,,-13.18244222002175,-53.250883032071584,,,,,-28.011695872473656,-3.9853765223503443,,,,,,,,,,,,,,-45.0231563036147,,,-25.34423486494553,-33.152150254989145,
"Cluster 3775Rv3469c, mhpE, 4-hydroxy-2-oxovalerate aldolase (EC 4.1.3.39)_2",,-8.764811834945343,,26.720781898247402,23.20906901420305,,,-5.702514041401393,11.63657829144499,8.199302005141165,,,,,,,,,43.96736263990435,,,,,,,,,41.45650641573264,,28.266308000015528,,,,,,,,,,,,3.1160505844578243,,,,30.541218786850436,,6.377071717798416,,,,,,,,-1.0309828066200901,,7.559646355107338,,18.930845414699277,,,,4.725035801962834,,,,,,,,23.003764373716468,,,22.690570465146845,,,43.87290721680693,,,12.75267645288377,,,,,,,21.878014719495486,13.259364351826814,,,,,,,11.396430377049022,,,,,,32.38723522123819,29.929289151403143,,19.58523694434639,23.380859614327573,,,,,,21.76018814025636,,,-2.1616135962198384,4.855725273418427,,34.20945411533231,,7.150593444784386,,20.63310299714393,40.20470040657268,23.45806523310927,,,,,18.987737006981853,39.38895898457546,28.390998888102786,,,13.626190300696312,,,,,,,,20.8777900835039,,9.90877790497274,,4.294595229032725,,,,,12.392441550218281,,-9.963035159343313,14.226065605874016,,3.7177513931773,,,-8.129286128232371,54.76332109782974,,,,,,-2.0371693217284266,,,,,,,,,-9.486615771997926,32.06730142479171,-5.138718401338797,17.065644805025695,4.214069385598588,36.15623158933712,,,,,,,,20.326301833740825,,,,,,-19.0435551804523,,,,,,29.71060604347199
"Cluster 5651Rv1016c, lpqT, Lipoprotein LpqT_4",,,,,39.53910325678122,,21.137705006087224,,18.086904197306218,15.696295142500464,,,60.87884758030437,,11.293127023001464,33.762416471134294,24.195213010251887,-16.17704135690294,,,,,,,,,,,,4.626762437603613,0.026758663639878222,24.866027702789914,,,27.869403679532358,,25.342233552434884,,,,-1.830727954996513,,,,36.68294890082488,,,,17.017297277920573,,,,26.91078449588909,,,,,,,,,0.3349919580518076,,,,,,,,,,,,,,,,,,35.94180068418058,,,-13.40005643858334,,8.776691367620328,,37.820350392217435,,,,,,,,,20.584590721239213,,36.40903622101628,,,47.14681667900452,,,34.85385995380063,,32.40211056734784,,,6.4043675448995865,55.924055338227184,,,,,34.059962799367476,43.32887877072786,,,,,22.951857436724993,20.507662141105047,,,25.403452406600042,,,,,,,7.17150929611549,,,,18.081020408859715,,,,,,,24.57753145606943,,,,,,,,,,17.64645526142466,,,,1.7498646080162312,,,,,,,,,,28.89809348150304,,,,,,,,,,,,,,,,,,,,,,,,,,31.65377560362861,,37.17941330899782,42.49543710665027,,,,
"Cluster 3348Rv2454c, Rv2454c, 2-oxoglutarate oxidoreductase, beta subunit (EC 1.2.7.3)_2",,,,,,,105.90287982341503,,,,,,39.85691536689365,,26.020839877294566,,,,,,,,,,,,,,,33.35861583646072,,,,,,24.023017421018686,,,,,,,58.845170603193964,,,18.75348760404982,,,,,24.955687033404743,,55.5109367485504,,,,,13.84551096344539,,,,,,,,,6.159827519729604,,,,,,,38.7583262909118,67.3764972495388,,,,-9.160936615014297,,,,,,,,,,,,,,33.64176309980707,,,,,,9.562407413965296,,,,,34.07889659878172,26.82946166290764,,,,,,,,,,,,,,,,,,,,,,,31.210242016491843,,,50.10098199746723,,,20.859549986730396,44.43242059491858,51.216711331742665,,,,,,,,,,,,,,,,,,,,,,,,,11.60408783947172,,,,,,,50.138825563174684,13.188361581587857,13.144666627312807,,,,,,,,,,,32.872734959953796,33.97943947714617,,,,,59.43566678752642,34.33202393968506,,,,,,,17.391366559716847,,,,,
"Cluster 4401Rv1282c, oppC, Oligopeptide transport system permease protein OppC (TC 3.A.1.5.1)_2",,,,,,,16.844040318056255,,,32.02859860240534,-3.6313529492830554,,,,,,5.636050282122551,,,14.61880344823842,8.887392496691715,25.860592128192422,,,13.984656419451598,,,,,37.874290250413175,33.41709302578811,,28.00170601495424,,6.195742778532749,,6.732201274965727,-28.002804225258245,93.93215382394581,,,,,,,,,,,,,,,,10.442933207004707,,,,,,,,,,,,,,,,,,,,,23.885984610298642,13.205750688818341,,,,,,0.0,29.116451924568654,,,12.499069639625153,2.8059427789071716,,,2.3689586785201744,,,,,,,61.91447006355077,18.834621443009958,,,,13.573250031934444,,,43.13802253778024,,,,39.68133089640311,8.218460950323239,,,,10.187607539472781,,39.58387237012699,,,41.05772042740893,,,,38.17010539991582,,,,,,,,,,,,,,,,,18.557876132603372,,45.32768413396775,,,,,,,-1.1024219478558626,,,28.737971126575832,,,40.25821450880701,10.50494136091321,41.64280432201288,,11.866701417840556,,,,,,,27.1690667203528,,,,0.6711469619818817,,13.650485804404012,,,,,,,,,,,,,,25.010325116271932,,,,16.516457191416986,,,,,,,,,
"Cluster 484Rv2124c, metH, 5-methyltetrahydrofolate--homocysteine methyltransferase (EC 2.1.1.13)_5",,34.58364235164506,,,,,,55.688738853321965,,,,,,,,,,,,,,,,,,20.82938731255496,,,,,,35.10837963026175,,,,31.533184371738507,,,,,,,,,,,,32.111199845998684,,,11.691693255694082,,16.898100761843438,,,,,,,24.066459733000354,,,,,,32.8202789678045,,,,,,-0.15385098665318608,,,,,,,,,36.237116477176265,,,,,,,9.336800807668235,20.840752915786283,,,,,,,,,,,,10.24902234273954,,,,,,,,,,,,,,,,,22.974816252840363,51.62531076397958,59.73741625434974,,17.3474428301825,,41.50275317951502,,,,,,,,,,,,,,7.7688301325248075,47.54046024771455,,51.01491210036981,31.16619229853788,,-4.664289449556183,,,,,,,61.75206690213243,,,41.24761442256135,,,,31.77633087514439,39.18996073840499,,,,,,31.92832164438927,,,,,,,,,,,,,,,,,,,,,,13.568377243942818,,,,,35.33067182786359,,,,26.217060064233632,,,,31.970611167453047
"Cluster 7317Rv2656c, Rv2656c, Probable phiRv1 phage protein_1",,,,,,21.15463915543669,,,,-41.54007947587357,4.340420095429016,,,8.658841990105158,,,,0.0,-23.557485510923836,,,-50.328411445147765,,-18.305856685763587,,,-53.570534873972775,,11.003010625564388,,,,,-6.411306307845167,,-50.152855634291576,,,,,-26.431574297381673,,,,,,18.712521597841373,-45.09355269972081,,,,-3.443098404219661,,,,,,8.709274188389598,,-17.786562599534083,,,,20.901000000431157,,,,,,,-30.86844839852329,,,,,,,,,,,-41.89714798697201,,,-27.317045774162665,,-15.148654950772965,,,,,,9.853568063000822,,-21.443534048584752,-32.66707087289323,-13.554495629207565,,-41.07743551980664,,,,,-5.1994389918313635,,,,,-16.820427597632374,-2.559877656969301,,,,,-6.3598170009084924,,,,,7.562008063587896,,,,,,,-39.31078345194595,,,-9.905354658778244,9.19222315003869,-22.39021566011435,,,,,-31.879602997952308,,-28.098731541755924,,,,8.768511703228059,-31.293567273338205,,,,,-25.432921390916423,,,,,,,,,,,,,,4.789636346214486,16.262795642188063,-11.8772291444392,,,,,,,,,,,,,-32.95563118470961,,-6.062900553447779,,,-2.9125832208148505,-10.230461014259685,,,,,,-6.046910946431013,,,,,,,,,,-19.41433622265166
"Cluster 152Rv2931, ppsA, Phenolpthiocerol synthesis type-I polyketide synthase PpsA (EC 2.3.1.41)_1",,,,,,-28.07920687294869,,,-15.739243025651074,,,-4.159245379309207,0.0,-6.2602291596936706,-26.485642091469195,,,,,-30.125860015752785,,,,,,,,5.444508975955455,,,,,,,,,,,,,-2.065015087737963,13.299588728794953,,,5.773037543300733,-24.605634671117684,,,,9.007263636924023,-43.109468443753286,6.894039752591522,36.602408617828935,,,-9.124854718319423,,,,-4.007789391291097,,,7.003243673252269,,,,,,,28.306877121742847,2.9571851687135524,-36.09390909693118,,,1.950987190151281,-17.225821031948197,,,12.53055993434767,21.58670556926769,,,,,,,,-3.022200049578304,,-14.234144328307066,,,18.07574920217872,-30.36312497301802,-4.365849904277372,-26.42878272581461,,,-34.20526580674536,0.0,0.0,-2.150051130868865,-17.217375975606192,14.653623142925792,-22.603285529623975,,,,,-3.7772226695259388,,16.68018413253239,,,5.571157626093237,,,-5.874296033920528,4.710741394812569,,,,,-18.93253812951355,,,,9.803012755360266,,,0.7959479438505794,,,-17.90842798152761,,4.735362838966337,13.21550945265995,10.42242000826292,,4.093177707174377,9.563836920412909,,-3.626123725296945,3.8561388603992723,,5.715944482521935,2.388123859986043,-32.574407023345316,,,26.891364588590342,,,,,,,,,,,,,,,-14.881580084060893,,,,,,,,14.472530847761506,9.966853007295683,,0.0,-26.07223395433183,,,,,,,5.593876507857123,,-10.660032365742982,-36.5033932494265,,,,-17.45405243988677,4.078258408321487,,-16.01037153024396,-11.100013587466458,,27.641100997487968,,
"Cluster 573Rv3239c, Rv3239c, EmrB/QacA family drug resistance transporter_1",57.40918547111139,,,35.04437247790971,,,,,,,,,,,,,,,32.26311558951777,,,42.94268768572757,52.529350484673515,,,,,,,,,,,,,,,,46.2452661857627,,,,,,,33.42468356697731,,,46.47516248398687,,31.766835928028144,,,,,,,,,25.156317466549265,,,41.01612657252277,,14.164226528837364,,,,,,18.0080500883647,,,,,,,,,,,,,,,,41.45156871900467,,,,21.611070741411456,,,,,65.5778493460569,,,30.048070015266333,,,,44.393363961049694,,,,31.806389960091753,,,,,,43.719996900602624,,,,,,,,,,58.07252117231351,,,,,,,,,,,,,,,,,,,,,,,,,,,,,,,,,,,,,,,,,,,,,,,,,,,,,,,,35.23543210195192,,,-8.249742945086126,,37.37076060362181,,,,24.971985498312502,,,,,,,,37.64970054132595,,,,
"Cluster 257Rv0425c, ctpH, Probable cation-transporting ATPase I (EC 3.6.3.-)_3",,,,,46.60407649070735,,,,,,28.740232794476817,,,,,3.9213607004125572,,52.7131257456819,,,15.765052916402217,,,,,,,,,,,,,,,,,,14.959707641737618,20.895778917823407,,,,,,,,14.160056202131752,,32.81247994420019,,,,33.547446180401465,,,59.992157008198376,11.208975554424846,,,,48.416214787129974,,,,,,,,,,,34.50631359031994,,,,,,,,,36.0947842105135,,,,,,,,,,,,,,,,,,,,,,,,,,18.0505584832042,,,,,38.94771254305742,,,,,,,26.597028996196986,,,,,,,,,,,,-8.122802232438174,,,,,50.5990495689992,,35.071286269032456,,,,,,,,,,,,,,,,,,,,,,,,28.34940824926426,,,,,,,,,29.608051703712835,36.72934264603312,,,4.00234106051196,,,,,,,,26.495661628312725,,,,,51.80319829984656,,,,,0.04344014633304005,,,32.554012753600546,31.386619331253577,60.30751211686355,
"Cluster 7102Rv1064c, lpqV, Putative lipoprotein LpqV_3",,18.4366886871784,,,31.675879127276854,,,,,,18.426907565732595,,5.811953699635121,,,,,,,16.93038319366422,,,,25.738352173277022,,,,,24.33940832848077,19.850907705812467,,,,,,,,34.37789112128037,,,,34.76949946997095,6.094150774827963,,,,,,92.77841420425695,,,,,,,,,-12.01479137779165,,,21.12876975262346,11.579437973014098,22.804114644974728,,15.811098560823108,,,,,,,38.25124554049204,,13.590598348809777,,,,21.480201348307993,,,,,15.05325711968986,,,,48.81164123986455,,,,,,,,26.785579287326442,,,,,,,,,,11.991941745165986,,,26.17088043866511,,38.234975783892054,,-1.5168865697562781,,20.083509905183334,,,,,,,,,29.93701317293598,18.338075019668697,13.838718263415844,,,,22.822020356155527,,,,-22.85712143111167,,,,25.408766754483686,,,,,,,,,13.657519164461565,,,,,,17.255770076946074,,,,,,,,,,,,,,,,,,,,,,,,,,24.370886907141884,,32.147117715260336,,15.084928698627015,,,,,,,,,,,,,,20.088223772757683,,,,
"Cluster 7305Rv3020c, esxS, ESAT-6-like protein EsxG_3",,-33.67601883916443,,,,-2.491310956446504,,,,,,,-33.15441051117021,,,,,-12.325166000000994,-17.475659376959932,,,,,,,,-11.301351610033395,,,,,,,,,,,,-19.03228970784562,,,,,,,,,,16.090091324780538,,,,,-44.01127930023671,,,,,,,,-32.54317132855943,,-0.9628605047363912,-41.776734213799145,,,-21.224746040105703,,-52.092896722548026,,,-12.07796201234162,,,,,,,-16.131921855125942,,,,,,,,,,,,,,,,,,,,,,,-49.1030056070924,-44.134614793917514,,,,,,,,,-33.47291144554325,,,,,,,,-12.483763059442497,-35.98777443867504,,,,-5.57589346545771,,,,,,,,-40.17869300953468,0.0,,-2.1573977112529725,,,,19.32661804103328,,,,,,,-11.100963845540681,,,,,,,,,,,-14.060900076982108,-52.53802740550969,,,,-25.4594319295424,,,-39.41768327400881,,,,,-18.95015150948562,,,,-0.6450987277037036,,-18.30104354309391,,,,,-25.268463528874552,-11.11832616248976,-38.56066330827889,,,-14.416374308675733,,,-44.688626758302085,,,,,,,,,
"Cluster 5665Rv0956, purN, Phosphoribosylglycinamide formyltransferase (EC 2.1.2.2)_2",-17.006773525401776,-42.71514379324168,,8.064646948039968,,,,,-1.8602871966900263,,,-8.622962949667759,,-43.64897743521869,,19.89844231213103,,-4.845989585435152,,-8.932435436699233,,,,,,-1.0626298249569386,,,,-14.688276753808918,,,,,0.0,,,-7.903348192995357,,,,,,,,,,,-33.54871580795585,,,,,,,,,,,,-1.0280330264582833,,,,,-4.901236506836731,,-2.776835245057468,-5.196681067027517,,,,-34.087958237645495,,,,,-8.391228645718742,,-20.109392083342872,0.0,,-5.8939643065885035,-13.932784572652873,,,,2.3016848338330247,0.0,-28.987465710267376,-59.607175978177786,,,,,,,,,,,,-6.961102871990261,,,,,-16.651191653400375,-20.186650090731987,,,,,,,,4.804764044583534,4.4136412220604235,,,,,,-16.1374582898094,,,-23.303660981587495,,,,-11.045169526017899,,,,-21.265566349980265,,,,-10.820057486184874,8.95834131209156,-1.6489759258401984,-19.94206270232126,,-31.24581359996975,5.99338062148217,,5.216637192314993,,,-11.158604695687504,,,-12.463537567307108,-34.24052773544921,,-27.54777899817488,-14.049199964783485,,,-15.746580150815506,18.151797753797727,,-19.421164396910832,,,,,,,,,,,12.103046540390693,,4.1455785990912615,,,,-10.784473285888458,,,-15.559526283725553,,,-25.255807253219924,28.54677018899403,-23.897361188147844,,,,,-2.65201252406824,-29.64637351608485,,,-1.5988622722840915,,,
"Cluster 7659Rv2007c, fdxA, 4Fe-4S ferredoxin, iron-sulfur binding_1",,0.0,0.9508786293252705,-52.901756758788416,,,,5.882895087914407,,,,,,-26.10848340956102,0.0,,,,-13.93690103573861,,,-26.241208785823158,,,,,2.5902166616386673,,,,,3.265107509398086,,,-38.34507607016693,,,,,,-25.092100951065845,,,,,7.777037256446783,,,,,-31.40673284808786,,,,,,4.591266509278976,-22.850705748337862,,,,,22.097653914374728,,,,,,,-5.104040218473474,-19.28290519590995,,-36.699885020275836,-4.815241760334128,,,,,-16.905099702223087,,,,,,,,-26.270799805379788,,,,,0.0034323660300831227,-12.29815250175305,-12.514761291601696,1.1989916762296158,-1.2886662652567646,,,,,,,-15.37954730470984,-31.294316801957272,-9.089741706994632,,,,-37.319125114432424,-25.153483736539478,,-18.91674006980752,,,,,,,,,5.225925183964491,,,,-8.169704238890075,,,,,,,,,-21.28721781712471,,,-9.87480193679179,,-37.71406598243308,,,,,,,,,,,,,,,5.069335960862433,,,,,-18.139943503296735,,,,,,,0.0,-11.741278476139787,,-14.471590632934308,,,,,,-18.18608331675462,,-1.132519153809157,,-42.423515052705554,,,,,-8.681291577048833,,,-6.951676506432447,-13.100268949812378,-2.2727265408887822,-18.869913750782377,-46.090949216145006,,,,,,,-24.043986188590093,,-24.533005327392686
"Cluster 5665Rv0956, purN, Phosphoribosylglycinamide formyltransferase (EC 2.1.2.2)_4",-32.343755150450725,-19.01529789247629,,-11.16756607815117,,,,,,,,-19.16366216368876,,-14.244944198692057,,-8.187513191103346,,-17.449916892744444,4.454927990204081,0.0,,,,,,,,,6.666347464444881,11.234787418487711,,,,,-17.42411049658941,,,,,,,,,,-24.697697016498353,,-19.902960966034744,,,,,,-20.767764698579306,,,,16.890518741300887,,,,,,,,,-20.31311305274952,,-22.938051553530794,,,,,-32.66221091910833,,,,,-25.620589523391175,,,-29.133750097270195,,-23.419714328935374,-27.30590310755745,,,,,-18.995402971079372,-31.786715260094855,-46.15410192409766,,,,,,,,,-0.5982745867351738,,,,,,,,,,,,,,,-9.013896865999776,,15.036907938999093,,,28.598969314202716,,,,,,,,,,,,,,,,,,,-52.72978733162041,,,,-13.742401718175763,,,,,,,,,,,-7.632610350867762,,-15.361624625964396,,,,-23.866823314519756,,,-14.007653346148842,,,,,,,,-8.087865300217208,,,,,-20.567395732786693,,,,,-12.757441690907816,,-48.987981584028546,,,-24.58526221873762,,6.845849740909979,,,-7.412964686261039,,,-56.58732575210395,,,,,,
